Episode,DRL_Reward
0,5.6788938371779665
1,3.6677946057297617
2,6.4556701488362505
3,9.541285270024146
4,3.748804908405228
5,3.883404071026377
6,10.122023947274869
7,7.521115336407576
8,3.4944556416878694
9,7.028465916432002
10,3.7826843852004837
11,3.9084343848545986
12,6.414318194474296
13,0.0
14,0.09116947835040753
15,4.116310704259282
16,2.7419850097315694
17,7.309050751851033
18,3.357177657284791
19,1.806292014026118
20,11.535727998541152
21,6.0250076653163305
22,7.130872160503763
23,2.292854789256054
24,5.351618382091645
25,7.658051153868357
26,3.5937953710828747
27,8.78981645296442
28,5.676923043022213
29,6.827894390583754
30,5.926949045749338
31,14.175553889053948
32,8.124319804003383
33,4.796596480065944
34,11.133242191426042
35,4.509116137693745
36,9.350550729183999
37,2.3234127960596065
38,4.529583456606054
39,9.67415684152577
40,11.57608440154305
41,9.830108378041079
42,9.006363085651353
43,8.51686292343221
44,4.773088140497629
45,7.382084749949662
46,8.350697376654235
47,13.438651765999966
48,11.218410091354517
49,4.445330227586193
50,11.385240968892472
51,9.18413062322317
52,8.347565559360662
53,12.665838457887666
54,14.145099163250137
55,13.93170205972535
56,8.280721710637795
57,10.119087033467185
58,12.313750862226406
59,14.517554220037535
60,9.905286852019572
61,10.96950338281148
62,8.096389735271918
63,7.918050258074704
64,14.532921245443418
65,16.399573631261923
66,11.888835251495749
67,15.47238439658977
68,13.506515313961513
69,10.36602959564113
70,13.720248021015562
71,17.61787317682468
72,12.65458484113495
73,17.910981861665352
74,4.560377273841583
75,15.73070849486152
76,13.475447002681028
77,12.342313839981294
78,13.701540576975379
79,7.143572457752574
80,12.914196414868353
81,14.865257958970469
82,18.55328107399976
83,12.275119155823177
84,11.45351599272875
85,12.538150518376153
86,17.16278711610727
87,15.394607283552293
88,12.762876552120831
89,16.187067271801737
90,14.965195581582066
91,17.83823007505498
92,12.631932130110828
93,13.924430561375834
94,13.823102614631827
95,10.529780779389249
96,16.20942653714849
97,16.199780912193866
98,15.491377127008695
99,14.835286094238743
100,11.20683512861858
101,14.451965696219036
102,14.800125876684938
103,13.453110173403417
104,15.575669513936655
105,17.45717597117564
106,22.221027510671707
107,16.93563420853857
108,17.29671412986177
109,16.35420279843526
110,10.667001015895538
111,16.705712167683185
112,17.077890555596657
113,24.703821515017644
114,16.487278025598968
115,18.132371240352903
116,17.18053670092833
117,13.738398912315846
118,21.055369664953083
119,19.933091437793628
120,20.152651373989524
121,14.953228904900334
122,22.251802461880434
123,13.622835253022032
124,19.906836557788317
125,24.985941835803427
126,15.204028283144856
127,16.620419097983962
128,18.784249444137163
129,17.013101903333244
130,13.869347101523616
131,18.980035186615407
132,15.580274147177605
133,20.425266599340503
134,16.21940169592911
135,23.937744902190637
136,16.835662729682443
137,18.35440723222687
138,21.947820280964567
139,15.749764478900056
140,20.332376770164537
141,23.744933144089742
142,14.884810570366815
143,20.48272299445361
144,20.806896404013365
145,22.49959655695603
146,16.40734237704494
147,16.24696859724489
148,21.977870134093983
149,21.381063561619232
150,21.329979591674068
151,21.713552679347607
152,18.672055841752574
153,21.545054830634125
154,21.81977238919663
155,18.84140975850522
156,26.782120328717326
157,22.63462713298979
158,17.662261490081413
159,23.363251440520585
160,18.499232766171314
161,23.930221577943772
162,25.140601642266255
163,19.23007864281293
164,24.715959697323818
165,23.133538435463205
166,24.453772835282475
167,27.78160900040784
168,21.395445339672886
169,19.94526866737487
170,19.619573567119147
171,19.924861370745926
172,22.231000175450383
173,23.569667199121156
174,23.455049376272044
175,25.187453544725642
176,22.820368047824484
177,27.220055668717528
178,22.14370581065156
179,31.163637853724893
180,24.96389468007875
181,20.602097995848727
182,20.040157942602296
183,24.758433821050232
184,22.723893715539056
185,25.59535148025457
186,24.9491658746822
187,23.393626587636906
188,21.16107170826118
189,19.246249419322407
190,22.497385513558182
191,26.440878210708412
192,24.60153200662721
193,20.337873934067165
194,24.617671806797933
195,25.314487888947014
196,21.62239414936038
197,24.762757324469003
198,24.546833916344983
199,21.062480176651885
200,25.563962107672193
201,26.228007279657813
202,27.832654939590938
203,27.808882740893075
204,20.70761589617366
205,22.069024858770295
206,26.408718519000534
207,26.466936665170646
208,26.532140267988563
209,36.39346619378224
210,26.817834710751956
211,28.533885126775274
212,28.060631612074005
213,27.233278359090505
214,24.463499195176286
215,27.665688787409024
216,23.24725909473401
217,24.87360092171199
218,24.207784421105323
219,25.92198624245538
220,32.48820979181438
221,20.3612754383916
222,27.855684750627173
223,21.22490201012641
224,24.60175782497732
225,29.194306762702144
226,26.274803949168174
227,23.01864948276824
228,24.128320120250052
229,28.22759329426426
230,24.200649866810117
231,26.99782969324225
232,26.55953425007833
233,24.601128353529187
234,32.730350279265544
235,28.42484887484458
236,20.811734352984384
237,27.24435653484029
238,24.856857749034642
239,29.2712385638423
240,24.594328669165936
241,26.599118355801807
242,28.43448987837034
243,29.524197258726236
244,23.651913777923284
245,26.19096502137551
246,25.844442617798286
247,25.38982796209906
248,32.365099726148856
249,28.5277148999185
250,23.82310631502952
251,30.100350435644682
252,33.589279866892305
253,30.533552870040605
254,23.316256701636945
255,26.321302847042702
256,31.359616747029722
257,25.79777107196245
258,29.125953544872928
259,30.11942216021692
260,25.34448057634804
261,27.860914736393678
262,18.899412638788476
263,25.238564472370765
264,27.47970939962615
265,24.720462116567766
266,32.91791251256449
267,24.319882811197512
268,27.171966562947105
269,28.83757213008511
270,32.58613429947825
271,24.533751553327598
272,31.90729714182199
273,28.716495018746123
274,25.983111147354307
275,30.09506539560457
276,29.410209619839183
277,27.22183939454217
278,29.15583045941915
279,27.934813610599875
280,29.38640310035731
281,30.975323624544828
282,33.61142656690665
283,25.771604401986814
284,35.24062974436252
285,23.89033499605365
286,28.968021366133357
287,31.084214426984282
288,30.28040617249179
289,27.817808609291486
290,29.024894856718223
291,28.286175755757995
292,28.07194786250371
293,32.119540974894214
294,30.803725647192817
295,27.944580250450326
296,32.409094504611474
297,30.819251733723714
298,32.26857726644842
299,31.811542123057233
300,27.831324605388406
301,28.625580182912294
302,32.28434821181814
303,31.955476119663242
304,30.264710851771518
305,30.694869610860216
306,33.936810675727024
307,28.84319698573912
308,32.02206073004567
309,30.01169225160721
310,30.01761333606638
311,33.676236718394165
312,32.972468035645754
313,32.98548851058936
314,34.37738895350826
315,30.908156940934568
316,32.76097206314257
317,30.095255065025466
318,31.87324175689193
319,30.678548283330468
320,31.34291104649186
321,32.74447670353934
322,28.939730852939014
323,36.90402877837889
324,28.51967167789125
325,27.999183386436844
326,34.48576198590163
327,33.5319972804693
328,33.11860470425074
329,33.17097136711591
330,31.476836273044135
331,29.123270953865944
332,31.797575862378444
333,29.803306341668986
334,34.30757197446194
335,31.31731985096156
336,29.52768041796029
337,30.92767059216859
338,32.945670489937086
339,30.355142693661218
340,29.699738978904815
341,32.605326519017076
342,32.646796214679654
343,30.665983095219996
344,30.80124358527554
345,32.72493817608992
346,28.260570234867366
347,28.409345752645727
348,30.29273261513801
349,31.681426907237576
350,33.119889438416386
351,36.26563297175734
352,34.65125643401858
353,31.972481457032348
354,32.38472311839682
355,29.801675802017588
356,32.4586116254096
357,31.77624216838771
358,33.43781305551307
359,30.418738046889978
360,34.030525848057216
361,36.75369300102007
362,32.43542723508096
363,33.82379039213166
364,34.622533403070044
365,31.76987731324799
366,33.45971311111866
367,32.93645290556401
368,33.197060371113935
369,30.935562487390968
370,33.0759375315133
371,34.35975004580009
372,36.90507717655712
373,35.64452309316919
374,38.8190867360467
375,31.17661924613965
376,35.52097511943125
377,33.7480704894643
378,39.04736093124643
379,31.222504053158854
380,31.178969880805127
381,31.84705812030126
382,27.89796748455706
383,32.117293945091056
384,31.54666522061783
385,33.96075618108314
386,34.49828980284149
387,38.53693681915697
388,36.160720090748235
389,32.2216137629327
390,31.42552748200222
391,35.08199790024767
392,30.412225002365872
393,38.63898178243972
394,36.984276412108606
395,32.74757583280871
396,29.56553327581011
397,37.55294869255254
398,33.79166052106352
399,37.33145643422972
400,30.05082398422158
401,32.66613592167793
402,34.270476633943986
403,34.42101462996497
404,33.18276835659751
405,35.99095536723297
406,31.681556733647096
407,34.10773249398844
408,34.82753413380134
409,35.88448135123619
410,36.43460478336543
411,31.766708910263432
412,30.763885786763662
413,38.01718979138948
414,35.63984565565747
415,32.919353009230484
416,38.8479007469469
417,35.223014304042486
418,37.985936610554894
419,35.193161014843646
420,40.32404842095023
421,39.58933214169156
422,34.52835129536032
423,37.68330322735102
424,36.899650530408515
425,38.78514656254233
426,32.90259640149766
427,37.14396967975111
428,38.13596955478274
429,31.040012002841074
430,32.549757649269324
431,30.433148468128373
432,34.96380600246486
433,37.508956131064174
434,39.54008767014816
435,35.979868365091484
436,39.95209755346107
437,32.41067460935114
438,31.647568346962903
439,35.850164491002545
440,37.00620860784544
441,36.00675889565178
442,30.941656605542462
443,35.96414121569053
444,32.962885126321154
445,37.96702515443202
446,37.25560900330567
447,34.03131735441364
448,35.14893589555988
449,33.834747552822044
450,36.377583699733506
451,38.97025900206047
452,34.171521711813476
453,37.93994446312696
454,35.408983948742076
455,34.80448612142998
456,36.56285144119854
457,34.301833272327684
458,35.55016864081916
459,33.99860550143988
460,41.90464660558854
461,37.1606608779567
462,35.38587493658352
463,37.70036962531714
464,36.93990646742137
465,36.71926663614375
466,38.83377108155886
467,39.23506416827039
468,36.09931454562536
469,36.0359735429309
470,36.82660978391431
471,31.87663212705134
472,33.866379455019356
473,41.013316597607655
474,41.74257859649098
475,37.12900658725327
476,39.20535432762287
477,38.59962215523672
478,45.43873692546673
479,40.67458699084115
480,37.661481986774376
481,35.680827148400894
482,34.13536226246848
483,38.61183384696045
484,36.31126561617118
485,34.731782246062814
486,36.67395102967703
487,35.659754241853
488,42.458171706155795
489,40.53869790476877
490,38.416980764768425
491,42.08356515163056
492,38.71629507086147
493,36.4809435987505
494,42.31888849545016
495,39.973664005094655
496,36.19594511337752
497,38.29622000965428
498,36.68262428957759
499,35.502363083710634
500,41.13593105922555
501,43.5574007297069
502,35.60925515209037
503,40.393220614855
504,37.51076873840405
505,37.95250597009154
506,37.74622740108765
507,37.139922411297334
508,39.38380964222101
509,37.31592209237657
510,40.01106381837502
511,39.28779146154619
512,38.882450008240255
513,37.326948372946376
514,38.16900828110199
515,41.40859087784908
516,40.846535201726724
517,37.35778252607644
518,39.98212878463997
519,41.588478530317396
520,35.85752800177909
521,41.1883580196897
522,38.36202453434193
523,41.3510861117105
524,38.22458395965272
525,35.79787346204401
526,36.27311151887188
527,40.30829049640043
528,40.86209082015101
529,38.1509773912507
530,41.863302007523124
531,36.46345233776467
532,40.2971684643582
533,37.6403077697377
534,39.01797554886204
535,40.72526467008111
536,38.634673331011086
537,39.81346870975168
538,43.149572924724815
539,39.47057042645893
540,42.85451830040833
541,38.281510852261654
542,42.24356021591683
543,44.44266817451617
544,35.3021317780496
545,39.295315327861125
546,42.577830509320115
547,40.80501614322559
548,42.208746442964205
549,39.98259709052092
550,41.658195816316706
551,41.150192094231976
552,44.302842769871944
553,42.22700870030913
554,42.480454766348736
555,40.79159098131944
556,40.67594064543673
557,40.86546641462876
558,42.85229600534228
559,41.0156100966003
560,42.730127523425466
561,46.940164920048815
562,44.20254293570109
563,41.485383483475715
564,45.089702101484114
565,41.42105987579028
566,37.70946456281001
567,40.159350485065424
568,38.22874469672369
569,41.80637658397862
570,42.7248425587146
571,46.615554019521596
572,43.563860182511995
573,42.36859286858434
574,44.848410621344456
575,37.91150924071813
576,43.608262851792226
577,44.90290756351203
578,39.79782757499195
579,45.88579562348572
580,44.10094072711864
581,42.43660597452617
582,44.90368264912684
583,48.718410123697886
584,43.999340758357384
585,44.21560314634221
586,42.662793286769556
587,41.83636980838542
588,45.73749185739499
589,41.954160105485165
590,44.1347470200523
591,42.94811038475752
592,45.19122895620111
593,44.924406352172646
594,46.588636126290126
595,43.13527352521368
596,43.74553168009794
597,42.20154553616149
598,43.47898445924855
599,45.405357348830776
600,46.32841288676204
601,42.5908043303686
602,46.70799568668171
603,47.868554543631056
604,45.80162316438147
605,49.16710486612622
606,43.248294254703
607,42.25071377298036
608,41.11198041929492
609,48.54926519044902
610,46.715637345009696
611,45.18047688306468
612,45.99627712823488
613,42.90173880217431
614,50.97818235735183
615,45.84122892966289
616,45.857627981796284
617,47.29861995486122
618,46.81041723238323
619,46.295077150449295
620,44.08785233358521
621,46.9676858212157
622,50.175343854113805
623,49.03526656362854
624,49.64507150174834
625,45.01401423007062
626,44.008836402781625
627,45.99099929412833
628,46.45347127215268
629,48.81927995987428
630,42.688549902229234
631,49.89873570926949
632,46.212412955289615
633,45.6747137800037
634,44.43706187804716
635,43.07364744049655
636,48.61414012678627
637,47.01294287258277
638,44.058870899995846
639,44.106548666579044
640,46.28151479218176
641,50.75837204883835
642,46.56403342148351
643,43.88337869252117
644,46.70859717822925
645,46.70619309813516
646,41.43665683157615
647,47.299545520737894
648,46.96841373131282
649,49.058238694839645
650,51.63978318494683
651,50.111376742607725
652,47.1119698119565
653,45.33659772205991
654,53.4377142830557
655,47.99870308094764
656,47.95608565142526
657,47.929408456208826
658,48.47025445385407
659,47.780364520118034
660,46.902404728500265
661,47.01808784460586
662,48.19330387216943
663,47.14041486120944
664,46.83007054864041
665,48.665800281339074
666,47.93885260024856
667,51.80829672712123
668,42.864623512884066
669,51.02570620954195
670,51.415899350223256
671,44.29653702565225
672,48.09562212435795
673,48.09181924146494
674,45.915168457634586
675,47.33275578730576
676,46.6751429654939
677,52.89890614429344
678,51.197929705948056
679,51.97748100735831
680,50.8529008457647
681,46.9365745958024
682,48.29461744903017
683,50.52904435514107
684,46.91969381772792
685,51.1256683530071
686,49.14392620604536
687,48.91648783790826
688,51.298049953515715
689,50.7875561181208
690,49.128292842833226
691,52.43273797812041
692,47.71521963420296
693,51.39320261998363
694,51.404667100397546
695,49.54422477045395
696,50.95760020101129
697,47.666727211122904
698,52.34919583050326
699,50.05600551525019
700,49.401439389358856
701,52.79522937618337
702,49.141803317687945
703,47.71427751948118
704,47.46480927199086
705,52.1008145693873
706,48.17683173906972
707,54.64880998340807
708,46.613757709242996
709,54.645475218398595
710,51.57548904571919
711,50.9895169995901
712,50.10878935801661
713,52.15715625839183
714,51.30099041365981
715,53.75952065280684
716,51.74432833868519
717,51.882021045046955
718,50.866725495158676
719,51.571666841572224
720,52.39727430953589
721,48.23714492710892
722,49.05804157597545
723,53.49116302009784
724,52.3565840411639
725,51.67735860760607
726,52.16095676622565
727,52.907931474449796
728,51.12054664859654
729,50.685609272553165
730,52.77323216182335
731,50.39285779983869
732,53.33442589910734
733,49.01239267713114
734,54.7409424116938
735,53.6452946789119
736,53.25523514615202
737,54.81824477243767
738,56.288244415388974
739,54.99821045696362
740,49.15538986331399
741,50.374720839534575
742,51.78509668233435
743,53.18546258820247
744,54.25538144869796
745,51.750475375436025
746,53.68579439983121
747,51.80362278241463
748,52.15591491944346
749,50.578614718076196
750,51.62774226832758
751,50.80452612813701
752,51.63093291402577
753,55.84406570077464
754,51.79491153063567
755,59.17797872377935
756,54.85316982155368
757,54.27440687199111
758,52.195703933305516
759,55.429277958418226
760,52.87720044923857
761,54.35060294197565
762,59.36670448804668
763,54.00670547542327
764,56.589627337168174
765,52.87155658776041
766,54.278738030443435
767,57.99333078753622
768,53.17426851010971
769,58.16883770271884
770,55.97537983185473
771,53.44930033663335
772,55.91457743521986
773,56.64784467826315
774,55.983592497510394
775,51.601139688496396
776,53.3500239090239
777,54.36322817482597
778,54.75695767316283
779,56.20147138288403
780,55.35278590242253
781,52.35218558479332
782,55.8462580823018
783,56.35161448917175
784,56.29150297717921
785,57.37856951099183
786,56.92427018799796
787,56.214079722928254
788,55.194994373312205
789,52.052707517982064
790,56.27726229665127
791,55.874020111247525
792,56.042052240968516
793,52.991469921975636
794,53.42377741866901
795,57.71994364950596
796,55.58151471910565
797,57.0569007890328
798,55.795963750126845
799,55.83820209409965
800,57.68276974421271
801,54.83268056557575
802,56.08721267678436
803,55.01855808340019
804,55.11299953754855
805,55.4004737844619
806,56.49112368246078
807,55.14295346331749
808,58.61078620749956
809,54.39947509838411
810,55.83618423117786
811,55.375818710337185
812,59.1345911935266
813,56.70711002274722
814,58.38981174695178
815,53.47279243961152
816,56.95944042785437
817,58.220772038676756
818,56.67211721708983
819,58.63988971109492
820,55.57211212650588
821,59.38748605171027
822,61.166406490202874
823,55.9909002805364
824,55.86782958971642
825,59.61915270963115
826,59.902105417678015
827,55.833209268227954
828,56.07252330493866
829,56.38128330950669
830,54.349101664235214
831,55.218457771375846
832,55.091673485525156
833,55.5911015566883
834,57.05555719950382
835,57.61647319226252
836,60.20995237651287
837,55.301914939474955
838,59.185626456883696
839,56.90137008584862
840,57.25886283147892
841,58.699060083612586
842,55.261027759846414
843,58.2097180928361
844,57.830900313474466
845,58.498564006953394
846,58.14458860599048
847,62.358008790887745
848,56.43583993999176
849,56.68076434850579
850,56.54279379404112
851,56.71223590355682
852,56.59410250934678
853,60.1400157140431
854,60.62112851177334
855,56.839540529329405
856,56.37722724453466
857,58.91318242928066
858,56.99170482997835
859,59.29703095418677
860,58.512272104280584
861,55.26705411423724
862,61.153749961435686
863,61.663137532642715
864,57.1065265414197
865,57.5733013529964
866,58.89320782101889
867,59.02216870683381
868,59.67465927352993
869,62.27874522232597
870,58.15922760886227
871,57.01634756405858
872,55.951251074448464
873,57.21743068741804
874,58.57537229302879
875,62.07003627592913
876,57.7289663827806
877,59.165721101639214
878,58.74595936937297
879,61.05463753534985
880,63.61238312397964
881,57.87721571744583
882,57.98905000056403
883,60.91033941644595
884,60.259812280116165
885,62.48174235397436
886,60.138009267931096
887,58.39720043765887
888,60.211815299412024
889,61.21362120389532
890,60.702393001379754
891,60.144688862610295
892,61.22103988053324
893,61.4410514247511
894,61.866564421626904
895,60.522959935939745
896,59.02691254957064
897,59.64053830359265
898,61.644187352924554
899,57.898588423791615
900,60.13439636910743
901,58.74181595304069
902,59.55323275443294
903,61.901729667855314
904,59.90523219465878
905,59.66107622692247
906,57.07614115275447
907,61.006633297484356
908,60.84250023793975
909,63.67534054949562
910,59.122711332773676
911,60.11989323453982
912,60.19747270380568
913,62.67167704848365
914,59.60350464750897
915,60.31495304239407
916,60.94139024330448
917,60.184738994328335
918,59.038899689217715
919,60.23738812460833
920,61.873502671625744
921,58.032118513229115
922,60.18101916874441
923,58.670284529520536
924,62.16464119151973
925,57.19905345469846
926,58.98433231889798
927,60.71557461623589
928,62.90563572931586
929,59.938364687571934
930,59.06063728838743
931,63.525401076524716
932,57.46501112864171
933,56.113455566796844
934,60.93985148502877
935,59.23913971739289
936,58.31003563379376
937,61.47167193014422
938,60.6413151977475
939,59.188320472254645
940,57.90344095885561
941,61.82434366992003
942,61.4346858644312
943,60.090495871696135
944,63.627506407307436
945,58.3621180299112
946,57.553781010935786
947,59.07573589172139
948,60.25748295862317
949,60.79271281660209
950,59.93224013024332
951,61.01554671667086
952,58.140493801091615
953,63.00724402334381
954,60.274383459806444
955,62.444466462561216
956,61.065386821240956
957,61.28351738591276
958,61.499610841342474
959,61.29399056153269
960,61.656887152664446
961,62.89942332165582
962,60.88499921736136
963,61.81552574044291
964,60.401366665908064
965,63.14844509357718
966,59.383199251673545
967,63.81785442495316
968,60.54825288894194
969,58.085562559655436
970,60.877644886538306
971,59.45278964429127
972,62.174580348422
973,59.535322474383825
974,59.91811039649738
975,57.372568267132735
976,59.93952215835212
977,56.461290971128854
978,57.96790352263112
979,62.13573976359033
980,62.19602847104908
981,61.57445358402999
982,59.1303292423301
983,60.77119527338121
984,60.86586475817105
985,58.84646670288405
986,63.555583383787926
987,62.468511146857146
988,60.551735768849596
989,61.00533432386622
990,61.341855188124526
991,57.40661437037137
992,60.57701496031524
993,59.832311596471435
994,59.290605271931206
995,60.57220143343013
996,64.2306087978627
997,62.222419129267024
998,60.12040034479932
999,62.13825209834034
1000,63.5999669565347
1001,62.78823402711568
1002,61.296837904805756
1003,60.08359135194385
1004,62.44618794437363
1005,61.93341369518911
1006,62.82441077033986
1007,62.38985803032674
1008,63.1277242708683
1009,60.39310717258324
1010,63.62722730299773
1011,61.70220513832338
1012,64.9747086494243
1013,60.20261169534273
1014,64.41950348930983
1015,61.77525214750774
1016,60.32495057305106
1017,60.63319937180915
1018,60.93409008656008
1019,62.23694232800861
1020,62.42440561184994
1021,60.551944859802695
1022,61.51616240818824
1023,65.26238787881161
1024,64.56401903148476
1025,62.35989489678355
1026,61.692196503545794
1027,61.84978272679703
1028,62.71288445158706
1029,59.9233684813408
1030,61.25218888159203
1031,58.852272756156374
1032,62.40830951300458
1033,62.84763788388233
1034,60.93068691519302
1035,64.45988279110982
1036,59.69475115416493
1037,59.303987405079575
1038,62.199003481592364
1039,63.61458616004994
1040,64.71181948660742
1041,61.078380072596815
1042,63.706876887127635
1043,61.8209813250832
1044,61.6065981544481
1045,63.41237196086872
1046,63.031947440315484
1047,59.2666068718957
1048,64.45156389624285
1049,64.29888135067603
1050,60.91662150169438
1051,62.65562556738983
1052,62.83263715486816
1053,62.449393125193446
1054,61.09183565591312
1055,60.89870557959956
1056,61.998758025057406
1057,64.02716314299266
1058,62.97733305943799
1059,61.44917745546486
1060,63.379434932210735
1061,57.30719369274167
1062,64.02989674404665
1063,59.192261401358756
1064,61.512313615803315
1065,60.252984012712446
1066,59.969985320364714
1067,64.08894423469509
1068,61.37295118593846
1069,62.74259473746289
1070,62.0934876656568
1071,62.97629208933363
1072,62.31634793002257
1073,60.05757715839706
1074,63.86387988059267
1075,61.39010029193786
1076,59.630178606591834
1077,61.515923829153316
1078,64.7292334451041
1079,63.65510352967804
1080,61.672356568632736
1081,61.67943062577768
1082,61.7332972726797
1083,65.71395377130978
1084,62.91409155780778
1085,63.001066670154955
1086,64.00078001037518
1087,62.699937232556735
1088,61.88569555358046
1089,61.99747073780279
1090,62.21153642765469
1091,62.276518175602405
1092,63.544555387013375
1093,62.440205247789414
1094,63.56838022116936
1095,62.23941418798117
1096,62.510183172911944
1097,59.109699787883685
1098,63.90268460196283
1099,62.97685890237906
1100,64.05366030605666
1101,57.68557870913302
1102,65.85575518889782
1103,62.22016339526417
1104,64.2700982158798
1105,60.77107040517774
1106,63.4807444875571
1107,60.77327248732185
1108,61.486197555100915
1109,65.63307892640778
1110,62.216212585575875
1111,62.8926541127802
1112,63.96613309769272
1113,63.369568109999214
1114,62.82135042769642
1115,63.18268828747261
1116,66.50219372569653
1117,62.524400067224725
1118,62.957710414634306
1119,64.34727459528428
1120,64.44970402452317
1121,64.5953752109102
1122,63.72353532014267
1123,60.861394056470814
1124,65.35894815337738
1125,60.89045544520478
1126,63.243446601994854
1127,61.557569694942046
1128,62.686293645588606
1129,63.33574583004699
1130,63.341138405410604
1131,63.52028689516619
1132,65.45155821663583
1133,63.606793704431574
1134,62.50627368529083
1135,64.46174935185375
1136,64.84096124413225
1137,60.99070984068413
1138,63.930756682448
1139,64.11599639563869
1140,62.540045539977996
1141,65.23205457237366
1142,62.817048451257754
1143,63.27752283513351
1144,62.82257570711512
1145,63.144402492651935
1146,61.396415409673104
1147,60.87238920144097
1148,65.71868030648899
1149,61.861045678496616
1150,61.65471687976701
1151,59.83458771072109
1152,62.26002361128869
1153,61.1992440703173
1154,65.91797763756304
1155,64.93867279863447
1156,62.275375016293545
1157,66.94609969834615
1158,64.95997063629365
1159,62.919744041532006
1160,59.51307771854043
1161,67.08998679248846
1162,61.31273980408357
1163,60.934554845588465
1164,65.15709743970129
1165,67.40763908390576
1166,65.76988222338464
1167,64.50343890126776
1168,64.57448846736783
1169,65.00275892068834
1170,64.87695721441503
1171,64.1509731189009
1172,63.89668383673803
1173,63.65863987054723
1174,62.6007127114192
1175,63.363818025935586
1176,61.18164133170742
1177,63.69439445379725
1178,62.3287564383183
1179,62.17302168796057
1180,64.1955919750823
1181,66.10443139799962
1182,65.3884143141698
1183,61.54052326748528
1184,62.4664754604608
1185,65.48646850530325
1186,62.52305676892899
1187,63.72078339307917
1188,64.9429775240434
1189,62.61221567411522
1190,64.29617810976347
1191,62.090733998241866
1192,63.245477656448486
1193,64.68983648772202
1194,61.757176454595566
1195,64.91657534462534
1196,64.22708080101157
1197,65.12893278816877
1198,64.642516016676
1199,66.41704032850232
1200,64.53012002030445
1201,63.69724208648038
1202,64.5647056938756
1203,65.23034343983203
1204,64.49066190136742
1205,64.49719972000105
1206,63.378542656900365
1207,63.45813590432282
1208,62.34580465115964
1209,67.18663932371145
1210,62.628793650491396
1211,63.49022782344394
1212,63.47062291020085
1213,65.95095094438958
1214,64.15469203842646
1215,66.52379369361415
1216,63.615859472072025
1217,65.08423688614684
1218,63.407859179458335
1219,67.95647635751354
1220,62.911267054301454
1221,65.2035428378298
1222,65.71303881129667
1223,65.39740876964109
1224,64.50791438274506
1225,64.61057096328433
1226,64.89195731165306
1227,64.62201182011248
1228,66.3194938102605
1229,68.21996584531618
1230,64.05922510708496
1231,62.8535356083391
1232,64.80553858522056
1233,68.84374895079492
1234,63.767228164749405
1235,67.46252049063287
1236,67.53856660512903
1237,64.20404373770124
1238,65.91015294435427
1239,67.51953431865911
1240,64.52748102323973
1241,64.81138824643295
1242,64.26587442778008
1243,63.63898245877472
1244,64.20773591487222
1245,63.37047327707676
1246,65.27272908319367
1247,64.09383953178579
1248,65.61436020514677
1249,62.96742686392827
1250,65.8033013130483
1251,66.57436264987521
1252,62.388240956809476
1253,65.93554621464615
1254,67.22770353835116
1255,63.629292671829184
1256,67.93384339394422
1257,66.096596421549
1258,64.45403534059197
1259,65.4417597021689
1260,66.37651163248714
1261,65.68761152952102
1262,66.39781645282972
1263,64.266014745179
1264,65.90356221903772
1265,63.59284301049592
1266,65.5428768043397
1267,64.40139051607694
1268,64.67788426742413
1269,67.60996717534101
1270,67.42384573225631
1271,66.74202813493827
1272,64.26913706017967
1273,65.4388846500667
1274,67.71381958055264
1275,66.17029526981466
1276,69.39280214251391
1277,66.59844100438887
1278,66.33358484591052
1279,65.63044764822952
1280,66.3088732035552
1281,65.92165885637226
1282,67.21005873053706
1283,67.6037112872654
1284,65.09201326458583
1285,64.32957513599096
1286,63.62700264394021
1287,67.0744151185965
1288,64.76136541075113
1289,63.268520208714456
1290,66.99703589817054
1291,70.08624958843889
1292,66.48924525713683
1293,67.74756435576298
1294,66.68300384391178
1295,66.45440684885973
1296,67.96192418563717
1297,66.24455858597254
1298,67.08489189560942
1299,67.19678415789052
1300,65.80056876423711
1301,68.2312774416762
1302,66.58067874020655
1303,65.77733913764264
1304,67.67367772270264
1305,65.64083224750657
1306,67.0088696886808
1307,66.9889940105591
1308,68.59648719485772
1309,67.7513854354609
1310,67.06733542763344
1311,68.30993923338744
1312,69.16339050830777
1313,68.00303914802649
1314,67.25206409638066
1315,65.39340524672306
1316,65.78055864591612
1317,66.90052936826437
1318,66.49913642030087
1319,67.13557941030417
1320,67.51591009003502
1321,68.22271137818782
1322,67.39951811109673
1323,68.2248100591618
1324,67.65589826191936
1325,64.78688860195707
1326,66.2927596548135
1327,67.45449741858046
1328,65.97344722649865
1329,68.57247310258589
1330,69.9223330226362
1331,69.50966808901403
1332,67.51133987527433
1333,69.95305292335661
1334,68.08405688796793
1335,67.42730572624384
1336,67.06697439757853
1337,67.53575243088001
1338,67.44429342154262
1339,68.26099492589233
1340,68.2757027072409
1341,68.08228150747759
1342,68.7210488757387
1343,69.80853964746132
1344,69.49654222656164
1345,66.10443478089734
1346,64.63276091019313
1347,69.55491843557105
1348,66.35536192728267
1349,67.9833143319751
1350,66.68659206982646
1351,65.82992463623165
1352,69.13446902200631
1353,69.4642115766598
1354,67.62407289343972
1355,64.83860692705582
1356,67.71842040405727
1357,69.05178695414708
1358,66.47057660017815
1359,68.81107950829963
1360,68.55936945484962
1361,69.4108858144387
1362,68.79616787878585
1363,67.30313610855183
1364,70.33953754481082
1365,68.48321970563688
1366,68.68941809543404
1367,67.45849275210412
1368,68.16164347207022
1369,67.57507409442081
1370,68.5839899333167
1371,71.21226419947763
1372,66.97610858795593
1373,66.66748929387292
1374,70.94728599923441
1375,68.65327600372176
1376,68.04379449172284
1377,70.42081505101379
1378,68.17960631027996
1379,71.54732354623546
1380,69.99185169708063
1381,68.41399285554162
1382,72.06864006153533
1383,68.30090932099004
1384,70.17284673501926
1385,69.58960748162045
1386,70.98581134494272
1387,71.36426556458629
1388,69.2958056621658
1389,68.24682963777735
1390,69.92897202244981
1391,68.40040428132447
1392,72.09619659397812
1393,69.56091363903519
1394,68.90204600488791
1395,69.67618718874336
1396,67.61706655621465
1397,68.15412845369188
1398,71.13198426569161
1399,68.6342723763211
1400,68.13126935917947
1401,70.30599190425504
1402,71.21145111134027
1403,70.6044129327316
1404,71.00538217529756
1405,68.65951336352107
1406,67.787686710658
1407,71.76597496976967
1408,69.32847367955485
1409,69.4529773892102
1410,71.61046672648449
1411,70.59634831168994
1412,70.48847013383579
1413,72.81705507049153
1414,69.06447303973171
1415,71.20621034883928
1416,70.0635899418776
1417,70.37624679722967
1418,72.09569838484809
1419,70.75425181085501
1420,70.82364476384122
1421,71.56798991123696
1422,69.671787263561
1423,69.06688306524461
1424,68.82212894818501
1425,67.62104563014343
1426,73.0247104458225
1427,68.83584021006402
1428,70.04306795858926
1429,69.9991399657268
1430,70.807725729685
1431,71.51437153242395
1432,71.603372481322
1433,69.7132366872821
1434,70.29673525548974
1435,70.92439802019466
1436,70.24926780051116
1437,72.74180322603854
1438,71.29080435397816
1439,71.64381081591095
1440,71.57812879160633
1441,72.28343724370305
1442,71.00021017071865
1443,69.07704084700843
1444,71.34890297936668
1445,69.99120511586396
1446,70.18354816491004
1447,71.68371636738236
1448,72.57186604390591
1449,70.99797515659603
1450,71.4058215522468
1451,73.26733186608273
1452,71.3743415707558
1453,74.50420322283873
1454,71.85812300492124
1455,68.83459175114669
1456,72.1606354332609
1457,71.70067146776242
1458,72.91820626194465
1459,72.13817890049869
1460,71.10381129846995
1461,69.71212867584744
1462,71.0664718410533
1463,70.25616129923047
1464,70.63577177773888
1465,72.18694565826152
1466,73.62160176361286
1467,71.98553021019974
1468,69.94086112096136
1469,72.10074540139247
1470,73.10289298636036
1471,70.78011831310504
1472,71.42265834986718
1473,71.63980048274581
1474,70.62683182826005
1475,72.50805844956271
1476,71.53453765945513
1477,72.25696595823395
1478,70.58860883271261
1479,71.19322135852451
1480,72.7137388251434
1481,71.32072694193748
1482,74.05146582087158
1483,71.32881380410798
1484,72.15419963142084
1485,73.08591364044344
1486,70.07919056772496
1487,69.6593792109158
1488,69.9822792163965
1489,73.58445171551567
1490,71.27244013175705
1491,75.28174149942136
1492,71.2936308172024
1493,72.27133921132682
1494,74.02724392004055
1495,74.63695340192903
1496,74.72299523092857
1497,73.64716283483727
1498,73.42690565623704
1499,72.89098352310047
1500,73.1432672585211
1501,71.46246408664476
1502,71.1376776586069
1503,72.19100974227423
1504,71.99327071545127
1505,71.64769075998468
1506,73.12376936273111
1507,73.46612277052985
1508,72.3782854994162
1509,74.15457145173491
1510,70.8448879308436
1511,72.06051731450319
1512,71.41093234755735
1513,69.96882494612532
1514,72.23976462676791
1515,72.20292767468902
1516,74.28162467629556
1517,73.17806380517267
1518,71.10098880399163
1519,74.74412406486368
1520,73.95662814200622
1521,73.16261979978051
1522,72.15594122835067
1523,71.24559511538055
1524,71.99636435675421
1525,73.84415530030098
1526,74.85434433819597
1527,74.43597841286599
1528,71.89731287442245
1529,71.11844081938105
1530,72.70996161853196
1531,70.33074873548368
1532,72.96080667858878
1533,72.38336426940423
1534,71.99705578898899
1535,70.59929166214415
1536,73.24379454183098
1537,71.94985020108487
1538,71.16756987905852
1539,69.05922823373909
1540,72.6155309442364
1541,74.86717908910956
1542,74.73982583666466
1543,72.11776266323506
1544,71.9500639069318
1545,73.2923378487028
1546,71.48418229177028
1547,73.10950391537087
1548,73.69719827751864
1549,74.28004522623137
1550,72.64954154986567
1551,72.53452673779451
1552,71.71423229157156
1553,71.79120122211795
1554,72.54636747563502
1555,73.2926551247393
1556,73.97943918290078
1557,71.87677318805454
1558,74.71867773374524
1559,72.5604755413618
1560,72.8818797247074
1561,72.00368386604347
1562,69.95807617772324
1563,74.03620523155628
1564,73.8693133600508
1565,72.63463658387845
1566,73.07632622337523
1567,73.64083830775776
1568,71.11094251231447
1569,72.39126041856473
1570,74.02444865894824
1571,71.53577472499164
1572,73.44183243997468
1573,71.44290243424396
1574,73.68242948212281
1575,73.08527092037812
1576,71.17643390773198
1577,74.57706858521817
1578,72.28058128291927
1579,72.20435659323827
1580,73.4485176401311
1581,74.614962585183
1582,72.0022932769983
1583,73.3251872400503
1584,73.78532757940071
1585,74.12028119037146
1586,73.50924543679312
1587,72.86647061127016
1588,72.32467927255317
1589,73.4443881357776
1590,72.06004528715454
1591,69.84329228552306
1592,73.91074578717543
1593,74.48827846136352
1594,70.56566755589817
1595,72.21096458227443
1596,74.18589509774228
1597,75.92912118441922
1598,73.49321757178048
1599,72.60718197874307
1600,73.27538583567848
1601,75.15757090195315
1602,72.74637034962247
1603,72.57589319416321
1604,72.96790063594992
1605,72.41725168463583
1606,73.7169795942363
1607,75.52416249341877
1608,73.9794903929766
1609,73.30346742937286
1610,73.26756462005542
1611,71.76236992654023
1612,74.68944172853685
1613,73.55443656293959
1614,73.4422189050885
1615,77.4652764534978
1616,74.03119649317402
1617,72.79178251591243
1618,73.18750953128463
1619,75.06515269187241
1620,73.84472795837752
1621,72.01342694661938
1622,74.81467611533547
1623,72.94200134883185
1624,75.95632718181562
1625,75.02363380837338
1626,73.22424266928505
1627,75.27174950128824
1628,73.84464701886506
1629,74.77586700090193
1630,74.34648034189998
1631,72.78270084579064
1632,73.02659207090463
1633,75.00051741193312
1634,73.39874292938501
1635,73.32165710703457
1636,72.67752612859628
1637,74.2997259880786
1638,76.22496056145197
1639,72.5561367938745
1640,73.83842199155711
1641,75.46582673627793
1642,73.72059772636509
1643,74.34442972058375
1644,72.57474094407513
1645,74.31801234798031
1646,73.59999615955232
1647,74.96927345775183
1648,75.20415260135248
1649,76.83764386023357
1650,74.49490346092593
1651,74.19889856125903
1652,74.045500270489
1653,73.4083315630393
1654,74.21159722137114
1655,73.47456129302861
1656,74.0122083115508
1657,75.34386080546172
1658,72.64796987178086
1659,75.13387682836105
1660,75.33699524350719
1661,73.67423631223662
1662,71.35594452949884
1663,73.1055719880407
1664,75.30436195739422
1665,73.7785308655901
1666,72.65066227959012
1667,73.21988323711253
1668,74.76871596753281
1669,74.42818187894092
1670,73.52217019340736
1671,73.37374165083985
1672,73.3438647619641
1673,72.73317703173929
1674,75.64572932050113
1675,73.42025604863656
1676,75.18439452367518
1677,75.53095320724218
1678,74.92992216696372
1679,73.2917305178219
1680,74.24669871163997
1681,73.75654389419864
1682,72.75119916019959
1683,74.15353072261942
1684,72.43752514205039
1685,75.13715779329519
1686,73.25322756869959
1687,74.0120421869153
1688,74.10572617260088
1689,73.48921310429083
1690,74.45148336315467
1691,73.24567259649591
1692,74.77578108745233
1693,72.2600022053957
1694,73.93233926748948
1695,75.98848554041619
1696,72.65918136158236
1697,73.02710159113789
1698,74.37813839516994
1699,74.00213420861255
1700,74.19793429990374
1701,74.35700551427284
1702,74.52396583679092
1703,75.06258067709219
1704,74.27616854762026
1705,73.54589296690659
1706,74.57891583022435
1707,75.96368767997461
1708,73.68055029224602
1709,72.73867409727907
1710,75.08234731746164
1711,73.70825342882723
1712,71.41049879347163
1713,74.80368260798276
1714,73.2587234315255
1715,73.76267791673423
1716,74.24124925737969
1717,74.08847198761617
1718,74.67439915244633
1719,73.40063149438781
1720,74.46631548077079
1721,73.60993539128222
1722,74.7299740875708
1723,74.59835085361327
1724,72.87690775316648
1725,75.13470657337714
1726,73.3360374567983
1727,74.83776369590193
1728,74.3542629363503
1729,75.99463931491621
1730,73.71195951165404
1731,73.5795223553157
1732,73.95256086727368
1733,73.64524097345848
1734,74.87407775356684
1735,72.2065963751012
1736,72.83703705354924
1737,72.82919828471717
1738,75.06637461233751
1739,75.9121765491814
1740,73.91530448379379
1741,73.85131109753516
1742,74.12154146995158
1743,75.33083995676573
1744,73.03706651478048
1745,74.32671564348216
1746,75.14319746812795
1747,74.62806035926455
1748,74.29198221844094
1749,75.18863047418998
1750,71.13115587662999
1751,74.84512272454207
1752,73.39134064529377
1753,72.10928965796191
1754,74.67844931679805
1755,75.62662392409561
1756,73.97945797998142
1757,75.17548898098401
1758,75.89954002994197
1759,75.57878056519823
1760,75.93683999840296
1761,74.96178665344328
1762,74.239425630426
1763,72.41774707791909
1764,73.89735317798113
1765,73.25191219485113
1766,76.53043318250525
1767,73.98412912463549
1768,74.31175745796634
1769,74.77890008097526
1770,74.23066510213124
1771,76.0218000549903
1772,73.51391938450767
1773,74.40046509755848
1774,73.38891781717501
1775,72.76688227692799
1776,73.53399748950952
1777,74.15590298539097
1778,73.73382134181766
1779,73.45128353495674
1780,72.68324667641775
1781,74.10938174865508
1782,72.57995235287892
1783,75.01673514198015
1784,74.28792648996914
1785,72.63348669439557
1786,73.86690298307072
1787,73.39141513238953
1788,74.54006732241662
1789,75.63358875585182
1790,72.18801072198312
1791,74.31849282951485
1792,74.02304546544003
1793,74.9109371182449
1794,74.4197990512574
1795,73.38776089252494
1796,73.84888588358899
1797,73.33896693391922
1798,75.33344232490262
1799,74.20772018772627
1800,76.20759774642015
1801,74.11741135110198
1802,73.42709683720666
1803,72.5701516855091
1804,72.26216541711132
1805,72.49426072274323
1806,74.45772091342127
1807,74.71226814695014
1808,72.49607170143548
1809,75.11802460552367
1810,73.65770109256728
1811,74.32305554127343
1812,75.87099883839797
1813,75.11324483701023
1814,73.88138186921468
1815,73.2237787487939
1816,71.89429506952807
1817,73.40517739176606
1818,73.94045613724002
1819,73.12348771596167
1820,74.0246574382573
1821,74.24377753366329
1822,73.92708200339682
1823,73.48131801596232
1824,74.34179957001675
1825,74.62938523303896
1826,73.02388295393557
1827,75.64679445850905
1828,74.06694485949389
1829,74.19183757044898
1830,74.91500520297555
1831,74.42048968138525
1832,75.17509925757506
1833,74.48210957221461
1834,73.54651644733546
1835,74.56600451716518
1836,73.00079433451708
1837,74.30987578742662
1838,74.16651688620759
1839,73.98918124713066
1840,74.07692044581798
1841,72.26025720867935
1842,73.65130812219282
1843,74.32325231549152
1844,74.39872015112594
1845,73.1738498946795
1846,75.55713779049645
1847,73.35579303487884
1848,75.26305204381174
1849,74.70907912520832
1850,73.60703523714079
1851,76.11688144886122
1852,73.05894561071284
1853,75.24815874499168
1854,75.34037243973279
1855,73.62654177445465
1856,75.76117393444738
1857,74.0791776787075
1858,74.64338114852781
1859,74.62410028398968
1860,74.22874402190713
1861,75.20992328212785
1862,75.20240586187164
1863,72.60548008814422
1864,75.74726295350285
1865,72.71827852500115
1866,75.49032444679631
1867,75.59779889539762
1868,73.34100773265962
1869,74.04893533501044
1870,73.35158904907972
1871,74.27404676168038
1872,74.1916997402981
1873,75.31366822768094
1874,75.86676405425285
1875,75.96582211887952
1876,73.98506629310975
1877,74.3575379859505
1878,72.87197455899873
1879,73.77792188563633
1880,75.58989380869636
1881,76.26310499914268
1882,73.3847807068405
1883,74.04963376054835
1884,74.63692285146459
1885,74.96080639833147
1886,73.87132170000899
1887,75.1329222175257
1888,74.23855294011175
1889,74.71630421890434
1890,75.29579636786805
1891,74.76410381303229
1892,74.33086713526754
1893,74.67367652156531
1894,74.70830210006832
1895,74.43792945264852
1896,74.56303445292313
1897,76.4436300022479
1898,75.41274882556066
1899,74.56508512467423
1900,75.5739279438957
1901,74.55205318837938
1902,76.07530048034022
1903,75.28182933079745
1904,74.8161351267301
1905,75.38357645828027
1906,73.37624643761262
1907,73.83274296246694
1908,73.77782800159339
1909,75.12459723986392
1910,76.72179507760127
1911,77.22922488700391
1912,75.65091825082463
1913,75.52460098720643
1914,73.24339276985731
1915,74.5067815138014
1916,74.27360887023613
1917,74.45001578116101
1918,74.90987173647028
1919,74.61801581810045
1920,73.1327361950616
1921,75.8470540338491
1922,74.05192812361415
1923,75.36083409064912
1924,77.18551104280003
1925,74.23230686127118
1926,72.64909399606361
1927,74.87625998269975
1928,76.25422020636222
1929,77.10787510388398
1930,73.97094684006818
1931,75.68108147265175
1932,74.74104169767023
1933,75.10285871960313
1934,77.8166010447072
1935,73.74448120304945
1936,75.47923775751461
1937,75.69663230311095
1938,76.31041549517793
1939,75.34798357603871
1940,75.56109401379294
1941,74.8824419486756
1942,75.53689090251667
1943,74.9445113146295
1944,75.89547952418991
1945,74.93318033994764
1946,75.6699982960011
1947,75.28002641070047
1948,76.41457548283594
1949,75.27261533305631
1950,73.60156248082941
1951,76.56637581748322
1952,74.462370362641
1953,74.71533217178602
1954,74.77954904780208
1955,76.70211122257497
1956,73.29923140275795
1957,78.4275000168661
1958,76.41370555852845
1959,75.61337883993812
1960,75.35166815886538
1961,75.68952993239543
1962,75.92562929955798
1963,76.05377150003142
1964,75.97531194592509
1965,75.53339433244328
1966,75.26514318532844
1967,75.31878461807491
1968,75.2860382246291
1969,76.57652130551729
1970,76.06505438796337
1971,72.67163462178212
1972,76.14434464974863
1973,75.71072981862527
1974,75.51597966384377
1975,75.17147993700331
1976,76.63504189592335
1977,76.47620961635982
1978,74.83725214767004
1979,75.98034988662438
1980,74.67142198989036
1981,74.29363663323176
1982,75.02728110316718
1983,76.46435008410877
1984,76.56359946230795
1985,76.15604616634097
1986,76.37168220020666
1987,76.18576411658921
1988,75.09572665406765
1989,76.13328185707127
1990,76.49856153845107
1991,76.46905908960588
1992,76.8971808541485
1993,76.45494153529512
1994,76.13106989848356
1995,76.82921658662276
1996,75.80388643087007
1997,75.0088973192688
1998,75.7073542097656
1999,75.17298191294537
2000,75.25642299301155
2001,75.77620570898725
2002,75.18095085208458
2003,75.65696452694924
2004,74.17702346678628
2005,76.18533604897544
2006,76.00332026661754
2007,75.25002593120614
2008,76.66051153400062
2009,76.94106237407055
2010,74.56339269739378
2011,75.37819023601212
2012,75.39173908168667
2013,75.25097170256748
2014,76.93278644527444
2015,75.99127217370588
2016,75.94467537925725
2017,74.33366206316416
2018,76.8277609592906
2019,75.09154490552524
2020,76.328169491578
2021,76.5515003575998
2022,77.58412710399628
2023,75.10907939152601
2024,73.53228564114444
2025,76.54367560718383
2026,78.0715822845537
2027,77.56711582127645
2028,76.62745111436968
2029,75.99426789365017
2030,77.22309055015091
2031,75.58632221306115
2032,76.95438435362335
2033,77.00087608892272
2034,77.53528657130765
2035,79.13124099513357
2036,76.95376270166446
2037,76.13737987554767
2038,76.60461300809057
2039,75.00950988574968
2040,76.02344373680903
2041,76.30651988692807
2042,76.21922984911275
2043,76.8627646169151
2044,75.98107781998651
2045,77.79267675136074
2046,76.77647744600206
2047,76.78542626503948
2048,76.50950854441957
2049,76.9716777111287
2050,77.60500122325628
2051,76.06554022896026
2052,76.27474303741315
2053,76.61701820700935
2054,75.67686271909216
2055,76.17666302009187
2056,76.50737418118723
2057,77.76071910898773
2058,77.21528536920103
2059,77.16710208887646
2060,77.78309175233069
2061,76.89379055959016
2062,77.39049902744495
2063,76.95362633298636
2064,77.30395674846855
2065,76.54392065012618
2066,74.86573421730132
2067,76.97975453235215
2068,78.41051306523863
2069,77.97067586328437
2070,78.01835792013753
2071,78.27625224560177
2072,77.24529460059429
2073,77.35578849171341
2074,76.62786570197936
2075,76.91316483502239
2076,77.76920453148713
2077,78.31272243255471
2078,77.10686296500374
2079,76.83651221149624
2080,77.25489430694806
2081,77.80817865971954
2082,75.970906013526
2083,75.21232751052392
2084,76.79843796231637
2085,76.20425158761331
2086,76.85675378867005
2087,77.19117639455844
2088,76.92576730356166
2089,78.6498629800975
2090,77.64623824860571
2091,77.63168109760173
2092,77.92962417452686
2093,76.35768738440844
2094,78.32109966647285
2095,77.3299892265028
2096,78.00766063006232
2097,76.45589795032261
2098,76.03403749896731
2099,78.16523875311219
2100,77.7790386539878
2101,76.64545269481023
2102,76.68377536986597
2103,78.47378935144815
2104,76.417430068048
2105,78.95181240302037
2106,76.69410946754435
2107,78.0741651760186
2108,77.22250134007712
2109,78.06078403679993
2110,77.05002056493761
2111,77.39858637723684
2112,77.58916639833329
2113,76.67320249937362
2114,78.2294510939966
2115,77.12745685728576
2116,77.38995328909927
2117,76.72230793608688
2118,75.34568123892548
2119,77.45465445590297
2120,79.76675272089338
2121,78.3382041799333
2122,77.63907700243894
2123,77.43526082896065
2124,77.6983590321493
2125,78.17225155028957
2126,76.66153650946103
2127,78.6945448996827
2128,78.35497572064685
2129,78.36926832997757
2130,78.13544030920276
2131,77.77984423708403
2132,78.36602405967145
2133,78.30747575847688
2134,77.49084854374021
2135,77.31185334224936
2136,77.91718889565057
2137,79.19757102572412
2138,76.77124325280172
2139,76.58606034679039
2140,78.0273449676504
2141,77.94205937522571
2142,78.06333516720122
2143,78.13941223202916
2144,77.74667292776556
2145,79.25444797233106
2146,76.57682937522611
2147,77.2650662746843
2148,77.91163262608555
2149,76.58812385238812
2150,77.87945393223386
2151,79.49076816331377
2152,78.08160680978693
2153,78.27934795397462
2154,77.00247101820871
2155,77.57683784319603
2156,77.80194134599716
2157,77.86787672862857
2158,79.26758485323931
2159,78.6571405193747
2160,77.23072029216034
2161,78.42008010837928
2162,78.65333408424986
2163,79.22293251995357
2164,79.61814473284349
2165,77.39699177827528
2166,77.58940380858014
2167,77.2213255083805
2168,78.11830739147612
2169,78.73639871525705
2170,79.19959377970063
2171,78.30177926937503
2172,78.10811952677443
2173,78.52830500577177
2174,77.69760560361001
2175,80.21907056286415
2176,77.06733014902659
2177,78.61705066380173
2178,80.20462878381474
2179,78.49428296528077
2180,78.34061580521487
2181,78.2120891042999
2182,78.37749513194514
2183,79.71630424500665
2184,76.67364369550705
2185,79.87904955597402
2186,77.37346613462077
2187,78.37208026000705
2188,78.24675477167973
2189,79.12471911193592
2190,77.27906784143484
2191,79.04128147659438
2192,80.37852549201416
2193,77.51610865422609
2194,78.84435120722651
2195,78.13375349834433
2196,79.0659052826888
2197,78.73197072638983
2198,78.18340743793978
2199,79.14821084102644
2200,80.26972559974588
2201,78.59354185336147
2202,79.371098731262
2203,77.68173899882038
2204,77.97468809592577
2205,79.1869540977133
2206,80.04636666349485
2207,79.10358492022579
2208,78.54829642987798
2209,78.81792806514804
2210,77.77475553248644
2211,79.3390861822758
2212,79.57800229254957
2213,78.46426897215166
2214,78.45495138359202
2215,79.07690127258638
2216,78.49350425544617
2217,78.80851042667047
2218,80.62429284074992
2219,78.6660086388932
2220,78.57707524610511
2221,78.33948516543151
2222,79.50455002289547
2223,78.73566947835126
2224,78.34856050339886
2225,79.9932838249416
2226,80.07709067839266
2227,78.39795642656755
2228,77.34748690340335
2229,79.73917723782569
2230,78.33487933600753
2231,79.56167588392115
2232,77.2720475108032
2233,79.64838595146911
2234,77.90550399236446
2235,79.51582629794613
2236,78.92327344134712
2237,78.12298680263025
2238,78.57648552092252
2239,79.48104840048106
2240,79.00186587830511
2241,79.39742070528105
2242,80.54625386700312
2243,77.62581901048264
2244,80.24916172536079
2245,79.0025355727443
2246,78.17693354419224
2247,77.82259049785955
2248,78.76203028488405
2249,79.67542616184731
2250,78.8134703049987
2251,80.15930525587525
2252,77.72827522596045
2253,78.90959144237286
2254,77.89350803436085
2255,79.21847811671219
2256,79.64736224926003
2257,78.57767051404797
2258,76.79301127726825
2259,79.0862923010239
2260,79.28145609970882
2261,79.25587731210645
2262,79.93540506983375
2263,78.05486338824832
2264,79.4842525706056
2265,79.90286857768197
2266,77.48504757304609
2267,79.1951181851041
2268,78.52698302968592
2269,78.87291593545602
2270,79.22393198502887
2271,78.5483623232434
2272,78.39825686264155
2273,78.97704980242484
2274,78.07100402593805
2275,78.07574499522853
2276,79.508720178701
2277,78.03245515158706
2278,79.50456151829975
2279,79.3433424473368
2280,77.5791056347819
2281,78.43032846276412
2282,79.945259437293
2283,78.19469809175716
2284,78.61623358699835
2285,79.36752942944901
2286,79.63089947006935
2287,78.80269268399847
2288,78.52967488931525
2289,80.15888597900616
2290,80.41795398263065
2291,79.81242679744972
2292,79.10056355108772
2293,78.38957514307441
2294,78.37802878194549
2295,79.46833668182963
2296,79.3908081153764
2297,80.18363256508503
2298,79.58844901554758
2299,77.87293051689053
2300,79.92135742576225
2301,78.29035564168849
2302,78.7873820897116
2303,79.29992610550377
2304,80.6978677243137
2305,81.59136825999312
2306,79.60326506266084
2307,78.98093074275107
2308,79.55850852193025
2309,79.84562434526575
2310,78.89172511628776
2311,80.57867383291186
2312,79.34216586819551
2313,79.56084835531885
2314,79.70035981345922
2315,79.51278832242316
2316,79.84936676856606
2317,78.70259020235191
2318,78.75555615401349
2319,78.33335574184326
2320,79.55629009231633
2321,79.82988444937865
2322,79.58163003287206
2323,80.54671819201839
2324,79.22662538396642
2325,79.7631465432857
2326,78.38134092600576
2327,78.94122893072763
2328,79.79772830370747
2329,79.9225928542491
2330,79.02817854296588
2331,79.20697829461645
2332,78.07552914442705
2333,78.99051831473798
2334,79.97216247839533
2335,79.7279281390973
2336,79.67221459353483
2337,79.32171182570109
2338,79.29071358308137
2339,78.7710367167225
2340,79.8354831141882
2341,79.6198432126293
2342,79.6765647012483
2343,78.88320570909626
2344,77.61535486862384
2345,80.15032968459415
2346,78.92262886375124
2347,78.62406239951535
2348,79.83523116994205
2349,78.99038463360057
2350,80.11842639714757
2351,79.77298256239584
2352,79.82322590439314
2353,78.23113162737029
2354,80.22930367501947
2355,79.4899462177885
2356,78.99917790502424
2357,79.39383947069328
2358,77.90560536802877
2359,79.5932813736206
2360,78.47836601112083
2361,78.22564920090234
2362,78.09159283127093
2363,80.12195917070855
2364,78.77387896210438
2365,80.4373251249027
2366,78.83775035650778
2367,77.9312064659779
2368,78.38183662143068
2369,80.18673900441983
2370,79.11115536332343
2371,78.8044192185321
2372,79.34312732281346
2373,79.59977285596435
2374,80.06607071474647
2375,80.31359775350249
2376,78.92142233906014
2377,78.17548751641394
2378,78.86839106232787
2379,79.37773604087404
2380,78.43542189966641
2381,78.43448975184414
2382,79.4220471047015
2383,79.11585951755121
2384,79.17150577329846
2385,78.56159354280678
2386,78.95781558099003
2387,78.42288964654266
2388,79.79798051730963
2389,79.90145039506467
2390,77.7034076610373
2391,78.39440577693183
2392,77.95768161061841
2393,78.59461065395617
2394,79.01851378160364
2395,77.97627950431388
2396,78.37080290060193
2397,78.30298224743774
2398,79.2145349295675
2399,79.10429486190114
2400,78.50031153170424
2401,79.17428370643067
2402,78.62223570669055
2403,78.82487953837074
2404,80.2877828133335
2405,80.03101809992786
2406,78.03557054921218
2407,79.63579682441564
2408,79.61725665036552
2409,78.13787497687406
2410,79.6139295019248
2411,80.15043292330368
2412,78.14717679571667
2413,78.29821545603329
2414,79.74786132831893
2415,79.18473567171404
2416,79.3917869611921
2417,79.23100498373992
2418,79.26608524169168
2419,77.97849740708689
2420,79.75306283559907
2421,79.84243540420456
2422,78.79508986471184
2423,78.93287236918722
2424,77.82143133482491
2425,79.34737227156681
2426,79.38977931960292
2427,78.91658751483223
2428,79.8004101527327
2429,78.71436337818773
2430,79.38358570979605
2431,78.20578849317666
2432,78.94740439042829
2433,78.83641713296807
2434,79.1344557343689
2435,78.6943878680032
2436,78.87271505324044
2437,79.58435226930767
2438,78.65044099099727
2439,77.78657854079317
2440,80.27332594221079
2441,80.00283080292039
2442,78.02834954659951
2443,79.49607131096101
2444,78.6179811040463
2445,79.18695290389574
2446,79.21271741473976
2447,78.82616800138723
2448,78.42487464164199
2449,78.49736237331321
2450,78.3351492679596
2451,78.40127229512538
2452,78.96759433160857
2453,78.49481279172403
2454,79.5256550380339
2455,80.12039744304464
2456,78.60699389630108
2457,79.2121194426926
2458,79.40678832013892
2459,79.39032172307255
2460,79.10418842408527
2461,79.59601377488828
2462,79.40923189393064
2463,78.1558387292396
2464,79.69935242285514
2465,79.71610766098385
2466,78.51503657309756
2467,79.10345361930987
2468,79.57756950889869
2469,78.93051447970083
2470,79.86783170349952
2471,80.81030694588888
2472,78.52143298093362
2473,78.09228747013127
2474,79.32013354576118
2475,79.62630944625434
2476,78.93749171175965
2477,80.16197792310842
2478,78.13961599517715
2479,79.61467182768946
2480,78.67589121878649
2481,80.36137917931485
2482,80.56017591027921
2483,78.5658577944006
2484,78.72455801671315
2485,79.7439803402554
2486,78.84470128867805
2487,79.09237514112736
2488,79.14421279699897
2489,77.74277345990419
2490,79.11688298701574
2491,78.63041470709287
2492,78.77215838204157
2493,80.16517128408057
2494,78.22316745029194
2495,79.71012467173317
2496,78.9247443011606
2497,78.9233098660413
2498,79.68990181898525
2499,79.3653969536463
2500,79.52895211154532
2501,79.81176026973962
2502,78.87932640648242
2503,78.67641444791423
2504,78.33627210846797
2505,78.51992129757848
2506,81.21371323325393
2507,79.99311995167797
2508,78.13770024638094
2509,78.15563153397783
2510,79.43903824815335
2511,79.48218938182647
2512,79.47975961679855
2513,78.90404452759867
2514,78.9926526159582
2515,79.31126034220651
2516,79.13543057933168
2517,77.49463814514979
2518,78.90351697042203
2519,78.45867822256075
2520,79.18277430395766
2521,81.16974986495548
2522,79.31057571916648
2523,78.8242405573762
2524,79.69411364794597
2525,79.37909862735663
2526,79.33050225272319
2527,79.45808632823787
2528,80.47711404670117
2529,78.22328432681928
2530,79.35113557645874
2531,78.3601910620676
2532,79.40049532178726
2533,78.35847403299837
2534,78.70779869252031
2535,78.79025316717156
2536,79.68014326166947
2537,79.63599179227897
2538,78.11260560202285
2539,79.02266881219855
2540,78.4832851511257
2541,78.0957657003577
2542,78.82322989053772
2543,78.75663638363471
2544,80.6688551608217
2545,79.27087403809263
2546,78.00264745586404
2547,78.56934743646931
2548,79.6757968540625
2549,80.41889612457582
2550,77.85309096492024
2551,77.6476864752125
2552,80.26199023037375
2553,79.22880502491861
2554,78.3525322288194
2555,79.32909577353132
2556,77.12401983664135
2557,78.96006621951793
2558,79.18621033171205
2559,79.60126477241006
2560,78.25697908249968
2561,79.02164171346193
2562,78.32237365425118
2563,79.14302500963056
2564,78.3482826504902
2565,78.68850362828114
2566,78.2849215446153
2567,79.42729995214566
2568,79.57377511937456
2569,78.82211249395264
2570,79.01455471474505
2571,77.99282263131434
2572,78.79023390124206
2573,78.96708165010897
2574,80.81230057759697
2575,78.2463433709801
2576,80.02523912357125
2577,79.70905979786608
2578,79.22234556080738
2579,80.24409083636675
2580,79.29776012206456
2581,79.31607688702357
2582,79.01948148698004
2583,79.90208638044834
2584,79.82193365210611
2585,78.64953300040364
2586,78.18273116247303
2587,78.95497523807876
2588,78.55488876512383
2589,79.06692361630631
2590,79.96419913733416
2591,78.81522881347757
2592,79.10703656666546
2593,79.18475968113442
2594,79.73262749707315
2595,77.63244622174543
2596,78.75950456452884
2597,79.32585334384683
2598,80.00790683971255
2599,78.86657916606586
2600,77.93538361940566
2601,79.6412329924291
2602,78.79870034460204
2603,78.43257856876184
2604,78.8261566204007
2605,79.13428655828403
2606,78.85948632233641
2607,77.78561427883649
2608,79.89584131970048
2609,80.16084006617957
2610,79.74873380956329
2611,78.54929964310742
2612,79.19158547424541
2613,79.33285456157282
2614,79.75074126359684
2615,79.80688071786724
2616,78.87086509793848
2617,79.4301374017591
2618,79.69193309199532
2619,80.37271170226923
2620,79.8759082631507
2621,79.94133075075861
2622,79.47600009542853
2623,80.37529851904206
2624,79.71168568447185
2625,78.86742582353635
2626,80.39392389000912
2627,79.92872405715602
2628,79.17222110053196
2629,79.15563000213518
2630,79.68245700511292
2631,79.80106089060965
2632,79.63033566282367
2633,79.71337247000173
2634,80.64708123949073
2635,80.23376785584838
2636,79.6523201617939
2637,80.15882618355367
2638,78.84955499753528
2639,79.80822092763924
2640,80.75301481356166
2641,79.40933925697036
2642,78.99613532235092
2643,79.13145701777265
2644,78.84601362009462
2645,79.05348991759128
2646,79.33314628529438
2647,78.65132588925995
2648,79.59789988842667
2649,80.18925996344271
2650,78.99450087661182
2651,80.60452919689646
2652,79.9406040034865
2653,80.2874475285802
2654,79.17488771446718
2655,80.17692627884938
2656,78.89501622354462
2657,80.20583188410356
2658,79.7346656736598
2659,79.98862293507632
2660,78.85236221199375
2661,79.03991507972509
2662,80.02446141943696
2663,79.0102217902648
2664,79.94055479817219
2665,78.74022040894985
2666,80.19735000146505
2667,78.83374937155045
2668,80.00689752266533
2669,80.05683614553207
2670,79.19220838379341
2671,80.03193212263102
2672,79.82328759111444
2673,79.30236643085388
2674,78.99750320053161
2675,78.37645401647485
2676,79.88960770565659
2677,78.64186115545256
2678,79.7279146252281
2679,79.49623130683925
2680,80.11315222540664
2681,79.47619727584599
2682,79.46106650635815
2683,80.15462385485267
2684,79.8990920522505
2685,79.88965006656348
2686,79.99213092235549
2687,78.69310978867145
2688,80.18507688599664
2689,80.09472876574107
2690,79.04176923646585
2691,79.54674009389517
2692,79.683530817044
2693,79.6261532146743
2694,79.93372178698516
2695,80.64811123005381
2696,80.42646242970332
2697,78.8843039490296
2698,80.13916666061637
2699,80.60069304017452
2700,79.99814654923304
2701,80.457994321097
2702,81.05753116749756
2703,80.42647323862005
2704,79.93418456312352
2705,80.45302616680607
2706,79.88081176752709
2707,79.81032753861848
2708,79.57675895880645
2709,80.81431403415789
2710,79.29312559096385
2711,80.80972741944286
2712,80.15575539392954
2713,78.94730919845946
2714,80.08854108247645
2715,78.51791486712223
2716,80.27203291878867
2717,80.44764481777472
2718,79.51283087235217
2719,79.98056119224626
2720,81.15982646091882
2721,79.5998448143508
2722,79.25796783975738
2723,80.88909373178089
2724,81.20628403622219
2725,79.96942047878983
2726,80.62253656960952
2727,80.8439513597817
2728,79.53021112063234
2729,79.70602637688606
2730,80.80870210053672
2731,81.10907640029927
2732,80.40895166645507
2733,79.50635566305488
2734,81.33699342784115
2735,79.75371985861979
2736,79.89095648229029
2737,80.33304581374281
2738,81.11285632216152
2739,80.68288513721293
2740,80.41844282374906
2741,80.46232379765671
2742,80.2106060862951
2743,80.54886694297545
2744,78.6146687643453
2745,80.03674829727507
2746,80.38935796856754
2747,79.52597198540772
2748,80.50758184132043
2749,80.14928796046807
2750,81.39529458395306
2751,81.29350306316219
2752,80.02564308961394
2753,80.23687338126629
2754,80.29842502459442
2755,80.07470850138043
2756,80.49333376509489
2757,79.90891939250555
2758,79.6888427324984
2759,80.79942459958988
2760,80.81610074066025
2761,79.93177754515543
2762,81.00663199848645
2763,80.06468516182316
2764,80.629283876438
2765,80.99497931158197
2766,80.47374848099413
2767,80.78967393690486
2768,80.1956908405513
2769,80.40620384466028
2770,80.41130300935862
2771,80.08564207085205
2772,80.45065635020359
2773,79.60834663043372
2774,80.275743715894
2775,80.41376689173607
2776,80.44122945311894
2777,80.45974915347556
2778,80.58034428192637
2779,80.9245633420956
2780,81.17770382841914
2781,80.2422912925676
2782,79.90823276602272
2783,80.01615582111528
2784,80.36705212464797
2785,80.45818042948966
2786,80.20732590816631
2787,79.8898152070584
2788,80.4150154281176
2789,80.81464697897229
2790,81.07565663510009
2791,80.37169660306643
2792,80.46652446163648
2793,80.15612951924706
2794,80.7122482862746
2795,80.21520775825041
2796,81.0936279799597
2797,79.64969405222173
2798,80.52998705900347
2799,80.93965668321655
2800,80.87175110470213
2801,82.41314176452762
2802,80.9809103957315
2803,80.15560187079298
2804,80.71521537071202
2805,79.69063782371208
2806,80.73069325380781
2807,80.27398803235342
2808,81.34468011827146
2809,80.45305848567656
2810,80.71980644243345
2811,80.40603022588154
2812,81.85552668570962
2813,80.60255765945946
2814,81.91604053605384
2815,81.29798488801144
2816,81.09788162001439
2817,81.03090027113203
2818,81.04803150333423
2819,79.6402200041775
2820,80.64347487361948
2821,81.32738835057341
2822,80.7870023576491
2823,79.96704587283645
2824,80.7888536104461
2825,81.85428382137472
2826,81.57914927304162
2827,80.7892399885132
2828,81.40403328010063
2829,80.6096504703896
2830,79.8044171619812
2831,80.27773190332586
2832,81.78104513997903
2833,80.6755043766581
2834,80.69668036620133
2835,80.6655034769227
2836,81.99543478206796
2837,81.8304593727921
2838,82.18966849966299
2839,80.76277962340497
2840,81.0394390705314
2841,79.954511199938
2842,81.75564788434538
2843,80.17232126435913
2844,81.00699166077104
2845,80.22350925972519
2846,80.53280731206745
2847,80.38880396017204
2848,80.53106873528205
2849,80.57728879543069
2850,80.57707641434847
2851,81.40813827903192
2852,80.25570409289374
2853,81.05293072362768
2854,81.65384978312542
2855,80.62707092639837
2856,80.51140278001145
2857,80.80840167965529
2858,81.65485426425857
2859,81.0746299002243
2860,80.65002227943936
2861,81.26088719610179
2862,80.32536552748141
2863,81.39268402363338
2864,81.23818614001844
2865,80.82073268152813
2866,80.5139700407636
2867,80.49382666044065
2868,81.34465507107423
2869,81.76402875670613
2870,80.66746864403713
2871,81.3246181365509
2872,79.82802989113911
2873,80.72560178886248
2874,81.06184407176457
2875,80.55218525067014
2876,80.54586209200009
2877,80.71398625911691
2878,81.28959384659493
2879,81.0163997893335
2880,79.81797436167282
2881,79.8974167167148
2882,80.79846935457134
2883,81.43443019691465
2884,79.55981582146575
2885,80.8910371204669
2886,80.88533106819256
2887,82.01902496103664
2888,80.98791543090022
2889,81.44806905521274
2890,81.31592486902437
2891,79.99461235195848
2892,81.7020967233469
2893,81.38783626966887
2894,81.56850489097792
2895,83.57604264949228
2896,80.07186882624467
2897,82.30626905796768
2898,81.14011819125228
2899,81.48449068659716
2900,81.29906220608547
2901,81.08693899437588
2902,81.01071479903997
2903,81.54294155881277
2904,80.47611343611017
2905,81.80386967138851
2906,81.1329863779913
2907,80.72580962707569
2908,81.12860717883592
2909,82.12718257075507
2910,81.09355545677819
2911,81.61894032227097
2912,80.99377695305783
2913,81.86309972070448
2914,81.82702634189667
2915,82.50601794898708
2916,81.33982844445457
2917,81.83347856299861
2918,81.5085401060919
2919,82.2054129895717
2920,81.0461232149426
2921,81.89557809588368
2922,81.35725676998683
2923,81.4363334562923
2924,81.52972223850976
2925,81.6253693220416
2926,81.41607882156161
2927,81.60924523819494
2928,82.39585804073587
2929,82.05678031949792
2930,81.99152177330765
2931,81.23196803395993
2932,80.98441553274257
2933,82.04415184992496
2934,81.99920559880039
2935,82.34149783336741
2936,81.15145907152306
2937,81.36606999695341
2938,80.5588117748434
2939,81.27224630942821
2940,82.06596234799562
2941,81.22845621206704
2942,81.85980665612153
2943,81.38369904588392
2944,81.67579757419476
2945,80.83428234353049
2946,81.53553476132579
2947,79.7800384995235
2948,81.37581191310771
2949,80.55135189126766
2950,82.16317447427454
2951,81.91611468349838
2952,81.73613853251561
2953,82.33187569641576
2954,80.92524885052374
2955,82.45263617744858
2956,81.9859880710645
2957,81.3191592495372
2958,82.09321135559645
2959,80.81875142884518
2960,80.97462338611776
2961,81.09299465627541
2962,81.13406842722293
2963,80.83169664590152
2964,82.11621746584214
2965,81.27444446951637
2966,81.6154476170463
2967,81.09023137715269
2968,80.38083789157358
2969,81.55583681206099
2970,80.32166302504906
2971,81.35643780824199
2972,80.6205462295317
2973,82.50508362165127
2974,81.89530636954791
2975,81.43814458679762
2976,82.08484781090755
2977,80.89557755274792
2978,81.67223308572004
2979,81.47559307726327
2980,81.50799552314064
2981,82.06970779483636
2982,81.76357289280003
2983,81.51167344474764
2984,80.42063412389187
2985,80.806913454396
2986,81.27264697474152
2987,81.39084571049854
2988,80.70481718736295
2989,82.68056226079081
2990,82.17812501334839
2991,81.66574850558779
2992,81.3682575438019
2993,81.2082364086636
2994,80.79484159006125
2995,81.36700603715883
2996,81.46626732702299
2997,80.63127822490237
2998,81.50710498787566
2999,81.23456916448207
3000,80.26092610589168
3001,80.84282562363703
3002,81.09106496312474
3003,82.36779956303744
3004,81.62985287079186
3005,80.58201822481404
3006,81.59200167109336
3007,80.46734040068505
3008,81.92408167884544
3009,81.0658818645837
3010,81.27620717040962
3011,82.0621541332827
3012,80.62075069959224
3013,80.56243037022466
3014,81.01378659460897
3015,81.91065725608517
3016,80.50314182850734
3017,79.78292722979461
3018,81.09743780321699
3019,81.65235683065981
3020,82.01191546571015
3021,81.10005561704168
3022,81.13176770188922
3023,81.99496439088402
3024,80.33788695391559
3025,81.15464093866126
3026,81.47576800644718
3027,81.62112355233856
3028,81.09903937707894
3029,81.40087668446473
3030,80.02338119466778
3031,81.02910578549013
3032,81.64100276621129
3033,80.85962854115083
3034,81.43250823399752
3035,81.64797384003248
3036,81.22052583005242
3037,81.504099339582
3038,80.88956717198104
3039,81.30545077915427
3040,81.7539494234165
3041,81.51028396988366
3042,81.10877336973601
3043,81.55317122278217
3044,81.82283421258856
3045,80.32291861278757
3046,82.06967628515916
3047,81.2600537206481
3048,81.67613673198012
3049,82.09711190546268
3050,80.70605237295095
3051,81.06741893563164
3052,81.29753330384521
3053,81.03121219406789
3054,82.39613503173406
3055,80.99505667524016
3056,81.15933264122933
3057,81.57116072550585
3058,80.81209357080763
3059,81.24840616800581
3060,81.63371907729095
3061,81.28298251682484
3062,81.4120929159929
3063,81.17686939232262
3064,80.64581918070841
3065,81.6339462909297
3066,82.40417943764663
3067,81.46843915141835
3068,81.57816037950235
3069,81.8275723566822
3070,80.77158622845951
3071,82.36515761026735
3072,81.55727331259605
3073,82.32125830595119
3074,81.05011672601233
3075,82.41411600835679
3076,81.85169197368832
3077,81.72895982531377
3078,81.55426152307606
3079,81.29203466442644
3080,82.06241192788919
3081,81.49111102239449
3082,80.36082930335884
3083,80.8100495798689
3084,81.30209746183448
3085,81.56122283178571
3086,81.3601816838874
3087,82.0340766212828
3088,80.33962784539135
3089,81.44902413268765
3090,80.39908226596708
3091,81.76392299925384
3092,81.30313135479481
3093,81.56956139613226
3094,80.8810176932956
3095,82.01192879716767
3096,81.87838367445573
3097,81.62795189738338
3098,81.24255278997595
3099,81.61101352811026
3100,80.92201014430846
3101,81.74163408766958
3102,82.15383688415912
3103,81.83966905198302
3104,80.88021617889171
3105,81.44905176878756
3106,80.56753218939045
3107,81.54471973020777
3108,81.47257204809783
3109,80.24115375507081
3110,80.60706157695856
3111,81.06252818671489
3112,81.04561186100159
3113,80.55986716678949
3114,81.39351025827683
3115,81.31363813537979
3116,81.07191407712659
3117,80.76967817826744
3118,81.71015795006754
3119,82.02121712556959
3120,80.89176435963907
3121,80.81759811185871
3122,81.38929940472005
3123,80.93773512729123
3124,81.04587520300726
3125,81.49969969673995
3126,80.1076989830436
3127,81.78986961670876
3128,81.13281687244115
3129,80.87432229960802
3130,81.0373208102112
3131,81.05914103777708
3132,80.17072214706845
3133,81.84849777126627
3134,81.08604227300702
3135,81.2909540624973
3136,81.55153760331356
3137,80.52079327848206
3138,81.2948853190733
3139,80.90603357144397
3140,81.48208396752305
3141,79.93409470312717
3142,80.98494371741977
3143,80.72109476109168
3144,81.25595035484466
3145,81.27345963133652
3146,80.66129192716734
3147,80.65761074335599
3148,80.96796126577433
3149,80.56020867506005
3150,81.45898972908562
3151,80.83200188806906
3152,79.52025006316839
3153,80.82885439596517
3154,80.48637824158902
3155,80.18107556073916
3156,80.38518477092974
3157,81.08066955620805
3158,81.70995239378054
3159,81.187725954655
3160,80.71548800346694
3161,81.26393847184804
3162,80.79488836074239
3163,80.6758130842113
3164,80.4417689899535
3165,80.13736748663901
3166,80.83943159383763
3167,81.12327774190831
3168,80.99526246952512
3169,80.83433977763865
3170,80.56584105222399
3171,81.36512900170027
3172,80.38227787260136
3173,81.45704700952673
3174,80.55051035551845
3175,80.68183663802132
3176,80.3203691055662
3177,80.81736135395855
3178,81.57502853331836
3179,81.34376855623334
3180,81.5833335251247
3181,81.35406991689185
3182,80.52896986543567
3183,80.92657635746662
3184,80.70143538875848
3185,81.77949057138387
3186,80.49703254488571
3187,81.56380826932538
3188,81.56669517110674
3189,82.04574009682409
3190,80.9115925657441
3191,81.48443163433042
3192,82.28359226613283
3193,80.81599706124823
3194,80.35416445971548
3195,80.1826496144146
3196,81.49875558822644
3197,80.18736669117511
3198,80.95467332208872
3199,81.36655992120066
3200,81.24126141547855
3201,81.36470124456058
3202,81.26395453426534
3203,81.79898861062962
3204,80.67464125189105
3205,80.81514848480896
3206,80.76835772792147
3207,81.57718143909328
3208,81.61325771687362
3209,81.38768237820472
3210,81.75654370757601
3211,80.5690120064491
3212,81.99966331212322
3213,81.92690178989214
3214,81.53077705120488
3215,82.05534073746134
3216,80.32909760544023
3217,80.89646975163157
3218,80.78988390051495
3219,81.51878413719021
3220,80.6299490698444
3221,81.53350868354227
3222,81.83831316992134
3223,81.49828299914627
3224,81.29029782401125
3225,80.65250769468136
3226,80.72067918092735
3227,81.7648307247527
3228,81.52705747230293
3229,81.11571652263345
3230,80.92369328268903
3231,80.1192572888191
3232,80.59194145153934
3233,82.07338077405188
3234,80.48085922874094
3235,81.20849062337793
3236,81.61119172966039
3237,80.48262583734662
3238,81.1938781567892
3239,81.56357379865747
3240,81.09978397689382
3241,82.51206855873943
3242,80.25740283203635
3243,81.60493386782551
3244,80.99006789339991
3245,81.45329029395913
3246,81.28486392760853
3247,80.69911466844678
3248,81.17038838399823
3249,80.13423456400136
3250,81.3458836803372
3251,81.1904744707588
3252,81.35388194088388
3253,81.55613071908364
3254,81.21088843968181
3255,81.0981585731995
3256,80.58670658896918
3257,80.66576387096931
3258,81.59645840008034
3259,81.71489890544508
3260,80.88710690671707
3261,81.02294491022994
3262,80.5521029195871
3263,81.56893730133626
3264,81.31615331934779
3265,81.93869917707153
3266,80.5522473060564
3267,80.79472950964633
3268,81.09064687253802
3269,81.29125847590431
3270,80.86659660158321
3271,80.54276559739219
3272,81.3990481790396
3273,81.31868207835693
3274,80.51674429283008
3275,81.62523837613882
3276,81.53335361973714
3277,81.02663970862669
3278,80.99925994968666
3279,81.23015907714071
3280,80.53986177127909
3281,80.97453159730108
3282,79.91216719933406
3283,81.38739029408345
3284,80.20199557551823
3285,81.69382214193821
3286,80.8036538831629
3287,80.86289767782269
3288,80.66277979119339
3289,80.82995231067375
3290,81.66042093748977
3291,79.76835088964594
3292,81.59678144867716
3293,81.144749080117
3294,80.3998391217185
3295,80.46755982689406
3296,81.803227531773
3297,80.5389544204512
3298,80.44311915250368
3299,81.55495677428127
3300,81.17381543761762
3301,80.56261144022766
3302,81.12534177370404
3303,80.5316081251292
3304,81.56294599749054
3305,81.54970256499685
3306,81.30067772737182
3307,81.22494105309802
3308,81.9050154838957
3309,81.06399719736382
3310,80.50277272765321
3311,81.29420771215166
3312,82.08760578115076
3313,80.60551618131099
3314,80.92684012417206
3315,81.30779735779782
3316,81.08991637926722
3317,80.65277887315915
3318,81.66915290682034
3319,82.25082160678343
3320,81.24173547485474
3321,80.72346831168838
3322,80.42349659234043
3323,81.29599958219134
3324,81.70853361834205
3325,81.41639506405905
3326,81.19670204486393
3327,80.92506317590737
3328,80.69373041964852
3329,81.62112579159728
3330,81.6670050037525
3331,80.50353678932451
3332,82.0052293031097
3333,81.5297164258065
3334,81.93054906375151
3335,80.63464090127444
3336,80.63173732560881
3337,81.21815175038115
3338,81.53559555055227
3339,82.1573261757202
3340,81.64732274106879
3341,81.20477866920695
3342,80.84076091162368
3343,81.91745232408834
3344,80.88487526673377
3345,82.1197718051683
3346,81.2211090550002
3347,82.11474871055277
3348,81.68993644597751
3349,81.31057368204465
3350,81.1361654198763
3351,81.2265724033637
3352,81.59552574862519
3353,81.43542666390309
3354,81.12447983864784
3355,81.33168686318272
3356,81.45184537434689
3357,80.417234044373
3358,81.6400357494829
3359,80.96787787963306
3360,80.8907013101157
3361,80.64397319767981
3362,80.59812160654678
3363,80.80808200949252
3364,81.11530046493897
3365,82.36801605180376
3366,81.2078202185807
3367,81.54069160334866
3368,81.64770913680434
3369,81.52390395654665
3370,81.42854123615588
3371,80.90748562231448
3372,82.14761753102324
3373,82.31567210429054
3374,80.68569738437242
3375,80.99517813880854
3376,81.34419862220018
3377,81.02573751328293
3378,81.71301636278194
3379,81.13810366154854
3380,82.48774990264987
3381,82.0337701710433
3382,81.57845449315582
3383,81.95790297027831
3384,81.99464172911355
3385,81.21779940329367
3386,81.10066137035236
3387,81.5164463591886
3388,81.88029424800523
3389,81.54442564555568
3390,80.74768121857686
3391,81.10690724740762
3392,81.44476872536991
3393,81.44367784076587
3394,82.3923579316148
3395,80.83618155601587
3396,81.71178836744713
3397,82.16646481378186
3398,82.52771368828992
3399,81.2898849145266
3400,81.70372187447575
3401,81.73963265510487
3402,81.56659528779927
3403,81.43067812448497
3404,81.67745775790755
3405,80.30880659231995
3406,81.79106322244972
3407,81.5351509463927
3408,81.37501268302515
3409,82.42023159194345
3410,81.16818992538627
3411,81.29419602366008
3412,82.39610537482348
3413,81.09936140924339
3414,81.23033211973419
3415,81.41697744746145
3416,81.87195062760273
3417,81.58327488711804
3418,80.89727699543408
3419,81.24827193211675
3420,81.21633849850944
3421,81.46182553101444
3422,81.69491928082748
3423,81.69436622889049
3424,80.69405266595525
3425,81.99608384616961
3426,81.62881370758741
3427,82.14967141109052
3428,81.7242330876185
3429,82.02837278185106
3430,81.74319430735136
3431,82.14900136609027
3432,81.77825881708031
3433,81.50091581299367
3434,82.58578265891919
3435,81.96140894640189
3436,81.82374987433725
3437,80.98849114864373
3438,80.98969491730357
3439,81.71494735268202
3440,81.65488640010734
3441,81.31705874131674
3442,81.6671057883404
3443,82.33119071159388
3444,81.93358108682709
3445,81.1090682711824
3446,81.58372548565383
3447,81.27800042058438
3448,81.47545211229156
3449,81.47241122374439
3450,81.45231080215004
3451,81.10989063391693
3452,81.62865508022146
3453,81.44237192148344
3454,80.38244425884213
3455,82.64083598924874
3456,82.21514226913374
3457,81.56410939633186
3458,81.75208041777698
3459,81.22571652604708
3460,82.52708621078352
3461,82.62756256042394
3462,81.8542494001564
3463,82.25424172526806
3464,81.88299254715683
3465,81.21385977192601
3466,81.63982326304748
3467,81.89433348491599
3468,81.64145596373837
3469,81.7576750578069
3470,81.82507792754332
3471,81.84009040362258
3472,81.90999244988117
3473,81.42185497778448
3474,81.58598931153772
3475,81.34227060309016
3476,82.36429366927167
3477,80.9956448650924
3478,82.46220042746717
3479,82.5756580637917
3480,81.83115177621971
3481,80.81386371108118
3482,81.82372320613086
3483,81.9654859320271
3484,81.55275272784834
3485,81.78254376841276
3486,82.70223137366519
3487,82.32536272307026
3488,81.6264122545604
3489,81.3354660138962
3490,81.90862639655415
3491,81.96696709716181
3492,82.289832559012
3493,81.83915981763556
3494,82.31102506008864
3495,82.94944583837186
3496,82.4593439840968
3497,82.08293168478777
3498,82.02938451738571
3499,81.95862023790235
3500,82.64502262716047
