Episode,DRL_Reward
0,5.798105233900662
1,3.732989926135163
2,6.8069240948013805
3,10.198864123042895
4,4.083895965850093
5,4.314896288886682
6,11.079881160863346
7,8.380332716937648
8,4.153955738357215
9,8.019600090996267
10,4.627151407038506
11,4.842015516927622
12,7.602410199578521
13,0.09291982763470275
14,0.9887874800883167
15,5.369140002871731
16,3.970318934575256
17,8.925576256887815
18,4.765236843627189
19,3.171351799507667
20,13.64028048834764
21,7.806156504401819
22,9.046125259967951
23,3.9272138479748278
24,7.2500380701035025
25,9.765184351819673
26,5.46600261831863
27,11.064137034864629
28,7.776367226085657
29,9.043581012629707
30,8.114247365791133
31,16.960474602738408
32,10.520045467314505
33,6.987490873056162
34,13.778801367190944
35,6.7174379205253185
36,11.903322012997592
37,4.40536794064913
38,6.768362358890251
39,12.266141893935114
40,14.295981871346681
41,12.425730000672607
42,11.536916026597844
43,11.001416056003624
44,6.987239870320709
45,9.753019760350929
46,10.763250888998652
47,16.16740929721398
48,13.765320977406688
49,6.499820299780149
50,13.8686557171673
51,11.47639739955628
52,10.537057852635193
53,15.095259859496103
54,16.61967956382606
55,16.334158225401126
56,10.24343520706892
57,12.14024440498884
58,14.413399109340208
59,16.69254358106858
60,11.697515778729827
61,12.754319584745858
62,9.608455486779276
63,9.333635765172703
64,16.29981380800458
65,18.198925548678915
66,13.295004333567997
67,17.018609602044087
68,14.822705694311558
69,11.372178848192792
70,14.842412757674738
71,18.888787398426764
72,13.488193080651909
73,18.977291163746145
74,4.634774860115087
75,16.42098942495779
76,13.898456222561762
77,12.569829198197858
78,13.894764200148687
79,6.783650370277412
80,12.804459659635299
81,14.754522472338037
82,18.55287892618406
83,11.73543378302772
84,10.728557348693032
85,11.750611560988709
86,16.540905774931662
87,14.523234953032478
88,11.585770208677145
89,15.095044109612948
90,13.657697443426088
91,16.578918308738903
92,10.900337954632441
93,12.138961135804395
94,11.894163089625385
95,8.252893141459884
96,14.160176554679829
97,14.013784203462144
98,13.124565267194752
99,12.291816935531651
100,8.298109660683444
101,11.617281052983458
102,11.855794978349264
103,10.2925723221943
104,12.420693504006191
105,14.293630094462385
106,19.232760357399847
107,13.48795323096568
108,13.748978752811267
109,12.626016747085872
110,6.461435193825011
111,12.764106774892008
112,13.045232293308695
113,21.03813049608635
114,12.195797536750305
115,13.83697867799918
116,12.721087670803536
117,8.962078614317486
118,16.63756243687655
119,15.349187224255264
120,15.489476082666268
121,9.876589921846431
122,17.5426686510914
123,8.294378275966414
124,14.888651126595882
125,20.205907973275824
126,9.745319309226138
127,11.180161646839089
128,13.412013016775052
129,11.469623461787453
130,8.07408887476051
131,13.445032984842296
132,9.785706983489096
133,14.881501795115991
134,10.374845793373726
135,18.527036149161074
136,10.955337651235473
137,12.536074102575741
138,16.321859587022665
139,9.723048623172058
140,14.566011514219507
141,18.171192446191434
142,8.76209906073498
143,14.69321363831208
144,15.034400788319266
145,16.830925157464655
146,10.375873808624476
147,10.215638582083855
148,16.305853427017006
149,15.6905272534131
150,15.657787640349431
151,16.08974616063165
152,12.89499311750534
153,15.97341637159472
154,16.301446792550465
155,13.185663455545512
156,21.644966623058597
157,17.297758871269316
158,12.080740638644345
159,18.176203737557497
160,13.081613299643598
161,18.89699985244804
162,20.244161758574954
163,14.051972161403926
164,19.93394334988063
165,18.332517352534275
166,19.80813417938157
167,23.41229623135924
168,16.733303594737336
169,15.283940059112279
170,15.02785268303405
171,15.442271450058366
172,17.97701169907735
173,19.489663923977822
174,19.466149278783465
175,21.399453607679014
176,18.996182456640867
177,23.755515381856767
178,18.489315443981226
179,28.13972609692095
180,21.688554933952954
181,17.18397643946396
182,16.700796551247315
183,21.80389466727564
184,19.76507486319275
185,22.915958868841987
186,22.347183288811568
187,20.817517147199155
188,18.572700160778297
189,16.664501491263
190,20.218407818430506
191,24.50386944994623
192,22.675787755219233
193,18.28529618622819
194,22.925044223959812
195,23.777034804167872
196,19.990226618905986
197,23.423288756228803
198,23.308705598591164
199,19.739914490764633
200,24.60765146699601
201,25.41961503995705
202,27.223832995130316
203,27.306370210278153
204,19.9121017349678
205,21.45501040924417
206,26.14126860473528
207,26.303873325974518
208,26.47191984192343
209,36.981122622500386
210,26.965744916443146
211,28.87016485637692
212,28.460923087239927
213,27.67556377846742
214,24.83762581086663
215,28.300370077465235
216,23.71766033460348
217,25.511666695529506
218,24.88394370732641
219,26.764615188354917
220,33.76116608136597
221,21.032967540155024
222,29.001974394842463
223,22.06711011467964
224,25.68559171301422
225,30.582488155232113
226,27.55314073353929
227,24.165858075897635
228,25.37925824024021
229,29.74127866504449
230,25.531647398445504
231,28.513411205622617
232,28.08052481149267
233,26.041839962968517
234,34.63251884529973
235,30.112873400285793
236,22.104487028014972
237,28.895147953826275
238,26.3872756028368
239,31.043088391188405
240,26.11626709339463
241,28.22589038942908
242,30.153265209227374
243,31.291453936853983
244,25.09301777508769
245,27.751051008513382
246,27.366412129635748
247,26.864675433557576
248,34.18343256028511
249,30.112963825760165
250,25.126819140105923
251,31.699779542502192
252,35.33347597244883
253,32.07450863471735
254,24.432735107574885
255,27.54811282870573
256,32.80012771522227
257,26.893653283759527
258,30.340124401985786
259,31.326984890003835
260,26.24214147128128
261,28.826572750071612
262,19.33377784302585
263,25.93503353264252
264,28.222857346246247
265,25.2491502842414
266,33.797040720441366
267,24.679539363913
268,27.601949948081078
269,29.27484920009921
270,33.13608928771886
271,24.588815743655548
272,32.25806794330749
273,28.820116500582802
274,25.862450888233752
275,30.099012401482103
276,29.29297312504921
277,26.906389499517935
278,28.851468228199856
279,27.480787561339962
280,28.918055967227883
281,30.499259062851298
282,33.180309002387304
283,24.85664637488729
284,34.7151827879727
285,22.706070086413714
286,27.952270854957337
287,30.088290377932648
288,29.15846750185346
289,26.487849013785137
290,27.671488977484966
291,26.813188475875723
292,26.506789712037666
293,30.675441921798303
294,29.21523076826054
295,26.136897245743754
296,30.74680229089342
297,29.004185039745582
298,30.452811724167965
299,29.902866042272347
300,25.658483135438114
301,26.425899059090902
302,30.200494758306927
303,29.793899540476513
304,27.96126669741838
305,28.355911569004334
306,31.70200509490641
307,26.308831724072363
308,29.59387896078999
309,27.440119358066806
310,27.403592303077446
311,31.199546645533022
312,30.424768721714813
313,30.404571385815967
314,31.832848748055266
315,28.16911791830521
316,30.086866770660244
317,27.27238027336895
318,29.118156006553516
319,27.852222906074193
320,28.537703566560808
321,29.998884252682544
322,26.009200652901047
323,34.35196686017238
324,25.572615406233407
325,25.034487744555342
326,31.83853288007777
327,30.85338764428865
328,30.437785848551542
329,30.513480141650035
330,28.764090385378385
331,26.328090298506815
332,29.15946893786625
333,27.106905124937462
334,31.86026859705663
335,28.77228274685451
336,26.944680474619737
337,28.458676223475457
338,30.6225107508344
339,27.96718232543616
340,27.34017292397954
341,30.442007190561416
342,30.550302955876703
343,28.546245368827474
344,28.758901349540434
345,30.845058166335235
346,26.252910772098115
347,26.488537860042893
348,28.540776629355022
349,30.078153243471206
350,31.66995831574165
351,35.04899209348319
352,33.45373816471276
353,30.74841030563421
354,31.276636050918583
355,28.676323432722203
356,31.554820225021544
357,30.945184228638578
358,32.786847375623715
359,29.739253168494326
360,33.62181116946202
361,36.577006208317556
362,32.17724896147896
363,33.740600570823695
364,34.689097436930076
365,31.824872464167075
366,33.70615160754582
367,33.27691670317595
368,33.66706956950787
369,31.424357120114916
370,33.7784535206893
371,35.23839629339052
372,38.015403577188394
373,36.819393291744525
374,40.25298961760094
375,32.39611906803003
376,37.05022477252229
377,35.3196037803465
378,40.96869205001457
379,32.92240207169454
380,32.99531414477812
381,33.80992123788085
382,29.806909110834987
383,34.3242748226258
384,33.84374067151941
385,36.47514124277084
386,37.1478180625274
387,41.4701340295467
388,39.1011556067233
389,35.10131820570009
390,34.377346280172674
391,38.2937053640262
392,33.527749888561566
393,42.20385810538607
394,40.5769716578275
395,36.257077465649495
396,33.03470900455421
397,41.45026141126448
398,37.61968770187621
399,41.39462994128582
400,33.892829407361596
401,36.69920703399083
402,38.449337802874865
403,38.68209621482936
404,37.46546345757807
405,40.46057843325544
406,36.03975787657489
407,38.63083679348283
408,39.44167858321748
409,40.60038243859378
410,41.22813108022812
411,36.42026525084658
412,35.42526079318186
413,43.02126306157381
414,40.588794985922284
415,37.796261099505735
416,44.00200887224474
417,40.261895260390254
418,43.16593646141648
419,40.28558052728628
420,45.64623934461793
421,44.900554095253185
422,39.65115219102069
423,42.94537966507914
424,42.13918608398332
425,44.105863568191815
426,37.99037622854949
427,42.40041734923389
428,43.42779514985588
429,36.04229285334124
430,37.60187817989274
431,35.38809615313353
432,40.08160821529416
433,42.70752403683545
434,44.7957783646456
435,41.06956869972834
436,45.169015272332565
437,37.300353564408496
438,36.47331947338792
439,40.80312805903785
440,41.964409405102536
441,40.883599795616945
442,35.576961681608765
443,40.7468588304161
444,37.579687066088084
445,42.72488280228634
446,41.93141513496416
447,38.526402932135994
448,39.62823526820591
449,38.20296017628117
450,40.78036221364998
451,43.40727751085746
452,38.35925283865685
453,42.202929137660355
454,39.50620098493718
455,38.80772884477598
456,40.56006663614143
457,38.13992379491851
458,39.360307212884976
459,37.67434968690452
460,45.79968523174458
461,40.79971656698524
462,38.87967741630657
463,41.20082619343973
464,40.33171017865279
465,40.02204242610849
466,42.1336210841795
467,42.468024748121735
468,39.13461446962246
469,38.987070374913344
470,39.72486546973103
471,34.511486123616535
472,36.49270640650823
473,43.819450327389156
474,44.49390059315185
475,39.63150926538125
476,41.70313221279167
477,40.99584050967112
478,48.003394899610235
479,42.98882618214109
480,39.78996883561388
481,37.66210564493494
482,35.986415149445676
483,40.549570451093096
484,38.09423883765081
485,36.38736127572699
486,38.3290323381073
487,37.21060450942256
488,44.183221396212055
489,42.13043097917041
490,39.870246301571
491,43.60418560959073
492,40.058495618979485
493,37.68679047816344
494,43.67305399885189
495,41.19167087745168
496,37.23031032575747
497,39.353920761486286
498,37.636708966241365
499,36.37028131755162
500,42.15543813445722
501,44.61926865071215
502,36.35886545139136
503,41.27102043127975
504,38.255948202615976
505,38.68150342346789
506,38.43934401720299
507,37.78606259598667
508,40.08232066897801
509,37.92294116235077
510,40.69041760308779
511,39.926340801465045
512,39.49355484125777
513,37.87460774624054
514,38.736342278581276
515,42.07818729683064
516,41.49366229762306
517,37.88766351394456
518,40.600832277415385
519,42.264413578541145
520,36.350383780294784
521,41.866384190545844
522,38.9584179858062
523,42.059695616014906
524,38.847001444419725
525,36.35983155862596
526,36.87198950859182
527,41.06220577062167
528,41.65968895337579
529,38.88864751167223
530,42.7512856640292
531,37.20948807006535
532,41.20127665966864
533,38.495618843987906
534,39.95611898136489
535,41.758530032864016
536,39.64362839255728
537,40.90426088673677
538,44.39227486809621
539,40.644311168327
540,44.184597143895104
541,39.51827563276581
542,43.65754920593309
543,45.97946043485242
544,36.60795628909607
545,40.78284464909161
546,44.22558686344941
547,42.4566157080654
548,43.96400751444263
549,41.73008641699993
550,43.51954745504266
551,43.05882192480353
552,46.371995811960716
553,44.296790069191395
554,44.62296218125149
555,42.94812925708006
556,42.89505512052601
557,43.156810160742666
558,45.27052099889924
559,43.445228435334236
560,45.27847039581589
561,49.681985205686836
562,46.929016854342024
563,44.19741209832157
564,47.97596305612576
565,44.26443759739718
566,40.508866617550694
567,43.097221613226495
568,41.174892784095164
569,44.922677787715216
570,45.9319846806763
571,49.99972276536153
572,46.920762869350625
573,45.751883427607765
574,48.364135268836165
575,41.285137715545694
576,47.20515367555191
577,48.59399462340165
578,43.397458925377975
579,49.71469249633188
580,47.93137428868476
581,46.27080479628473
582,48.85803257404251
583,52.82923000727498
584,48.02258306595938
585,48.28972780331122
586,46.73611976219397
587,45.927714064420066
588,49.97765125000184
589,46.12570714278682
590,48.402602754354625
591,47.216242942292084
592,49.55289070423611
593,49.307688369592356
594,51.044704191215594
595,47.52082619674811
596,48.17038322547818
597,46.604359890118786
598,47.934713731675465
599,49.92914770431144
600,50.890376011805785
601,47.06221256297975
602,51.29911641350448
603,52.49672769132296
604,50.37755375326267
605,53.83413968244666
606,47.75549151614697
607,46.7275497719827
608,45.55236939273859
609,53.17804094746636
610,51.28433515910801
611,49.69473985255246
612,50.5155940362651
613,47.32109238903571
614,55.58731006824511
615,50.29235745074875
616,50.2828956817582
617,51.73248043841584
618,51.200428163615165
619,50.63821679267647
620,48.33838915175983
621,51.25382064678714
622,54.502697323835754
623,53.290420824973104
624,53.87034221304915
625,49.074480122775256
626,47.994469513266004
627,49.97494234110036
628,50.395206728786555
629,52.764266800767025
630,46.422579694099966
631,53.752366721528844
632,49.91259255323342
633,49.29791180677671
634,47.96428857079317
635,46.50022537198753
636,52.107613075176594
637,50.39647873382585
638,47.298178639664705
639,47.27336314785286
640,49.425811145887934
641,53.9339262792802
642,49.56035254404348
643,46.736079709111166
644,49.54841804413738
645,49.464209786289366
646,43.986714603157154
647,49.904940010827644
648,49.48117010972918
649,51.5344871148878
650,54.089948329191024
651,52.438281870945396
652,49.280917073125195
653,47.37588860700152
654,55.575781459022004
655,49.92143385989595
656,49.78808023498406
657,49.67076705298308
658,50.13375700846133
659,49.337773286639546
660,48.34950884117651
661,48.37754099046224
662,49.489101265927644
663,48.32246898976369
664,47.91544067613678
665,49.7028060789891
666,48.87058240189435
667,52.737331496182534
668,43.50759955914544
669,51.76157187651408
670,52.073457601844915
671,44.712113976308295
672,48.50933434300745
673,48.42133664896182
674,46.11439784570175
675,47.48069314222524
676,46.72804301754281
677,53.00563421748821
678,51.18945027755295
679,51.90819300911139
680,50.6836557370233
681,46.60993618041932
682,47.92382137820611
683,50.133848765479854
684,46.37908984824324
685,50.60482149019421
686,48.51536262351961
687,48.218589378011785
688,50.58648769527214
689,50.00439333923447
690,48.25198545380435
691,51.566773165723575
692,46.697995486395925
693,50.39752254579021
694,50.35804824802387
695,48.411123864691255
696,49.80601653590043
697,46.404715055978
698,51.13799342746889
699,48.75893317435118
700,48.05341971985433
701,51.47822335908018
702,47.71953921955924
703,46.233030946722934
704,45.95000316899659
705,50.649417561077215
706,46.625349925804564
707,53.199943081209845
708,44.99117990320767
709,53.15909081141971
710,50.015579527206526
711,49.40587433270858
712,48.49827919486636
713,50.5772167645729
714,49.699327238778984
715,52.20029036669639
716,50.146474772196505
717,50.28788491432598
718,49.25732240118301
719,49.980898365492735
720,50.82944106687311
721,46.60368051441549
722,47.45187637640058
723,51.97940893595124
724,50.840709060432445
725,50.16771957518696
726,50.680366797321525
727,51.46295753698876
728,49.66826089778213
729,49.251938132580534
730,51.40423840755383
731,49.012135529882194
732,52.03644424313387
733,47.672866437576886
734,53.535105310106175
735,52.4569484717497
736,52.09810380335467
737,53.727025090624366
738,55.262536702127306
739,53.99267204093494
740,48.09518232503502
741,49.379780655849004
742,50.85956911216447
743,52.33005871270649
744,53.4654714406234
745,50.96826125912738
746,52.98497236160163
747,51.12271749293079
748,51.53206847146266
749,49.98139211770632
750,51.100040747302366
751,50.316861121246845
752,51.21005105119535
753,55.54370562643853
754,51.48486978576774
755,59.03793392320819
756,54.6998798247188
757,54.16663692777799
758,52.110408825647596
759,55.448215736656
760,52.91138043145115
761,54.46135644253837
762,59.6070873766385
763,54.219453572773084
764,56.89402732126031
765,53.17282322815045
766,54.6528129136358
767,58.4733742911956
768,53.63375567019367
769,58.75097075322001
770,56.574123767287915
771,54.05923346769343
772,56.6068301315824
773,57.396202731736764
774,56.766924061091125
775,52.36571672433602
776,54.1815603077071
777,55.24983747118145
778,55.68847825656053
779,57.19096523369247
780,56.36694251377149
781,53.3600907093267
782,56.93529289240096
783,57.47909226724625
784,57.448028950163476
785,58.57779222749734
786,58.1436914051378
787,57.448547968459835
788,56.43867727142305
789,53.27602068336637
790,57.57475969060734
791,57.183124782781555
792,57.36818429287106
793,54.29134289275075
794,54.74015004474878
795,59.09959521607445
796,56.940715538161776
797,58.43906977549473
798,57.16471602264429
799,57.20769161614732
800,59.07298171684184
801,56.18383857764911
802,57.44739826952088
803,56.35738546112099
804,56.44240144975286
805,56.720566950747425
806,57.809210763527766
807,56.428021898873816
808,59.91719339452938
809,55.635369884625696
810,57.065263230216885
811,56.574015131169425
812,60.347958667556284
813,57.86302106928871
814,59.53280747833271
815,54.52691635743008
816,58.0166777056524
817,59.25414469630922
818,57.6487832236909
819,59.59643509259352
820,56.45206435163777
821,60.26330406284903
822,62.014105296086335
823,56.73501618743891
824,56.56052008898037
825,60.299217742828965
826,60.53156397227007
827,56.3658390249743
828,56.551433200179915
829,56.805772918538324
830,54.69429936855804
831,55.512355843841576
832,55.32310181583557
833,55.7651138243931
834,57.18043590501338
835,57.68227847692625
836,60.23519680859897
837,55.213932096705214
838,59.06744804951846
839,56.693903548310125
840,56.98639220337181
841,58.370970978669696
842,54.83200151570684
843,57.737828150023745
844,57.285441151695636
845,57.88869065072769
846,57.46099676233764
847,61.64074544251761
848,55.59608746607322
849,55.77267488916309
850,55.5632084696038
851,55.664011517295535
852,55.47510731047817
853,58.98116213336175
854,59.39706427565472
855,55.515885234679025
856,54.98205974939606
857,57.47133660044467
858,55.468132307528315
859,57.72616398611791
860,56.870582554696604
861,53.53664691092283
862,59.40606236438222
863,59.8576866150474
864,55.206443477355585
865,55.61786382016099
866,56.88997056736024
867,56.96368507930229
868,57.56616430722488
869,60.13559890674317
870,55.93522675310719
871,54.73454938341141
872,53.61409072656046
873,54.84276972653147
874,56.1654784659102
875,59.640866266834024
876,55.2301935680714
877,56.637705801241545
878,56.17853966858497
879,58.467358810771415
880,61.00858938972125
881,55.20702743844639
882,55.291504476803226
883,58.20472851214292
884,57.526514820799065
885,59.7401779400937
886,57.36343496065643
887,55.59579403305767
888,57.4064820207602
889,58.401895979101475
890,57.87812058498148
891,57.310103455727734
892,58.38747896413975
893,58.606221068301494
894,59.03394791564054
895,57.685769906442665
896,56.1870115309622
897,56.81119715458469
898,58.83463138099336
899,55.082887453762936
900,57.34426012488087
901,55.96214736915412
902,56.79688024803989
903,59.177972682105434
904,57.19648858685366
905,56.97772365275315
906,54.41031402490822
907,58.38886016395273
908,58.25720574957488
909,61.13711811825046
910,56.603352653573765
911,57.64428217976294
912,57.763946300675215
913,60.29143283276528
914,57.25735328528847
915,58.0191979213053
916,58.69750655201298
917,57.98958831285627
918,56.89303314571616
919,58.15062319366736
920,59.8487721539856
921,56.05310108102223
922,58.26872565925811
923,56.81460977248287
924,60.38225973806546
925,55.46602163335954
926,57.321938146865506
927,59.12461409490025
928,61.38823276558718
929,58.48171200283243
930,57.67151393941866
931,62.21810016358909
932,56.21443122945362
933,54.93224173657185
934,59.84281996268931
935,58.21198208107791
936,57.35517673000596
937,60.59801140657779
938,59.8409806697429
939,58.4605829988641
940,57.24905800054366
941,61.252651045917695
942,60.9380585489541
943,59.667490362792485
944,63.285572635145556
945,58.08802522455579
946,57.35410758030117
947,58.95326714537441
948,60.21119879342647
949,60.821250068609324
950,60.03352073103212
951,61.190986974647466
952,58.385692876114966
953,63.3282608210971
954,60.66397528361517
955,62.90545483703661
956,61.59436302027548
957,61.88049814301237
958,62.16347108422567
959,62.023385494346286
960,62.450799329995185
961,63.75671551942457
962,61.803669179458474
963,62.79469362854235
964,61.43945163062498
965,64.24382948996504
966,60.53491900713038
967,65.02299286389324
968,61.80683839967901
969,59.39608524954367
970,62.23634589763335
971,60.85970583499958
972,63.62559768187921
973,61.031827512677324
974,61.456328173595296
975,58.952956911878566
976,61.55588212664283
977,58.11719741174265
978,59.6566120353896
979,63.851990015915504
980,63.9421150138501
981,63.34918688992119
982,60.93420926681383
983,62.59665297168908
984,62.7128965339668
985,60.7163115726429
986,65.43527946276758
987,64.365303824186
988,62.46519109026499
989,62.92917592576251
990,63.27415492946036
991,59.35393900697823
992,62.52288481239827
993,61.78275530466928
994,61.243236799803995
995,62.520820101055484
996,66.16728734294429
997,64.15872988801812
998,62.05493630504989
999,64.05853599155105
1000,65.50531218882065
1001,64.68290273803981
1002,63.18107462469107
1003,61.955014627706746
1004,64.29244722086683
1005,63.76133173641383
1006,64.62795336232982
1007,64.171565981012
1008,64.88219806360168
1009,62.13048850658948
1010,65.32575066025491
1011,63.378236870774884
1012,66.6083560915617
1013,61.82177997383725
1014,65.98976312202247
1015,63.32114133673825
1016,61.841038507536524
1017,62.111588528813805
1018,62.37373512948715
1019,63.632675817459976
1020,63.77983563479779
1021,61.87505448404829
1022,62.79405223265414
1023,66.48182462545714
1024,65.74389751708568
1025,63.506665255636555
1026,62.79849471825396
1027,62.91134198272497
1028,63.72589626711236
1029,60.90529183268872
1030,62.182704269743844
1031,59.74983977201292
1032,63.242640945913436
1033,63.63437048748072
1034,61.68221641353437
1035,65.14743152561879
1036,60.36297785701494
1037,59.92975498670575
1038,62.76432461991454
1039,64.12774600089834
1040,65.17484791801084
1041,61.5190646217327
1042,64.0894763459948
1043,62.172602428331636
1044,61.918108960572624
1045,63.67219191105295
1046,63.25411113073398
1047,59.473205760739155
1048,64.58736291541757
1049,64.39827304293442
1050,61.001587480704
1051,62.69413252051938
1052,62.83590315257568
1053,62.422314681817475
1054,61.04229492315737
1055,60.82017073206875
1056,61.88358421495357
1057,63.87001452834377
1058,62.801114789396664
1059,61.25889930623418
1060,63.15174223952601
1061,57.10185005128844
1062,63.75475344563182
1063,58.93420498878891
1064,61.21966544440354
1065,59.95428606239996
1066,59.659558004669165
1067,63.73428899882911
1068,61.02876561101397
1069,62.37862924191931
1070,61.72740572833327
1071,62.597563724125465
1072,61.93916449017437
1073,59.696951990874176
1074,63.47158448917598
1075,61.019939793176576
1076,59.278277166588694
1077,61.153245751658915
1078,64.34585841644417
1079,63.28953789046735
1080,61.33449678516119
1081,61.35378069344167
1082,61.42120497107888
1083,65.3818995307511
1084,62.62462542342707
1085,62.729977439890426
1086,63.741362609290555
1087,62.475092444468345
1088,61.69274027794923
1089,61.82944354339214
1090,62.069076034067685
1091,62.16262418254506
1092,63.449169372564825
1093,62.387783120548654
1094,63.53869578575431
1095,62.25807833756116
1096,62.56290470313125
1097,59.23471175645117
1098,64.01899095056598
1099,63.14335638877333
1100,64.25122385615899
1101,57.99230529949146
1102,66.12234756568834
1103,62.570451203369096
1104,64.6456568829746
1105,61.23174164877329
1106,63.96151879498554
1107,61.33321281636872
1108,62.08945446334064
1109,66.24282704847032
1110,62.91604287448457
1111,63.63842426374587
1112,64.75402867591026
1113,64.2188900390268
1114,63.73225958980058
1115,64.14545925904862
1116,67.4833227174485
1117,63.60815853527213
1118,64.09379389002463
1119,65.52476467787528
1120,65.68384129142706
1121,65.88586064974052
1122,65.08266267075703
1123,62.31331493118247
1124,66.81521048238342
1125,62.45942033761921
1126,64.84226361936072
1127,63.235504112472576
1128,64.40856773905416
1129,65.10794310629389
1130,65.17096295126079
1131,65.40521713400592
1132,67.36894652169978
1133,65.6041229361836
1134,64.57377611696113
1135,66.5595693697109
1136,66.98869417291337
1137,63.24293927095707
1138,66.1981025534273
1139,66.43369774851945
1140,64.93070652746488
1141,67.6379964372304
1142,65.3056717657716
1143,65.80937279707071
1144,65.40906336182478
1145,65.77395892121933
1146,64.09640473973762
1147,63.62505476453359
1148,68.4482907634638
1149,64.68738678031119
1150,64.52583875054898
1151,62.772086729447146
1152,65.20257414194903
1153,64.19496942717325
1154,68.88270087926749
1155,67.95256957040651
1156,65.36163633273539
1157,69.99671453918847
1158,68.07040079461179
1159,66.08961734486253
1160,62.76145656731898
1161,70.25230671000429
1162,64.58620443879167
1163,64.23726966984226
1164,68.41799357545258
1165,70.65446391796303
1166,69.06008539730261
1167,67.82997009626787
1168,67.91530189420895
1169,68.35069059224244
1170,68.23894994322913
1171,67.53481359326375
1172,67.29343519349072
1173,67.06645456237777
1174,66.03101740405032
1175,66.78609196811432
1176,64.64136272297591
1177,67.11465553294384
1178,65.77033024312652
1179,65.61484226426961
1180,67.60050865558087
1181,69.47242346813654
1182,68.7609012661614
1183,64.9679352490895
1184,65.86842838809538
1185,68.82630047957625
1186,65.89927648835086
1187,67.06217465307071
1188,68.24748487219766
1189,65.93868544742615
1190,67.57492018799955
1191,65.38689112991568
1192,66.50007089829533
1193,67.89634036742625
1194,64.99022410892174
1195,68.06887812602314
1196,67.36446817189676
1197,68.2222471619602
1198,67.71501908879515
1199,69.42746358472013
1200,67.54246109432907
1201,66.69181384976702
1202,67.50997890200924
1203,68.12883647075311
1204,67.36683250552652
1205,67.33663032157783
1206,66.20095409961164
1207,66.24082281218172
1208,65.10996126846581
1209,69.8213029381922
1210,65.30747707713044
1211,66.11165078882969
1212,66.05055750580935
1213,68.44170123268577
1214,66.63625028288423
1215,68.91680402119326
1216,66.02015142132245
1217,67.41603903440102
1218,65.72703751789284
1219,70.14281374140792
1220,65.1496935657897
1221,67.35185472128457
1222,67.80551493324795
1223,67.45000468209531
1224,66.53187362376522
1225,66.58637180869563
1226,66.81602926767977
1227,66.50532343687527
1228,68.12284317659311
1229,69.93914414699778
1230,65.8161722474377
1231,64.58935859336995
1232,66.456600230077
1233,70.36755573879688
1234,65.34983392625544
1235,68.92508352225308
1236,68.95548118472323
1237,65.6462575300442
1238,67.27408844072538
1239,68.80748121406614
1240,65.83593837172315
1241,66.07270494708067
1242,65.49811598499858
1243,64.8446345119299
1244,65.36225842194867
1245,64.5044533052006
1246,66.3285706542462
1247,65.13811018953749
1248,66.59002480427013
1249,63.96509145234184
1250,66.70550823798382
1251,67.4265022738826
1252,63.29929907095364
1253,66.73785988931624
1254,67.97128647663821
1255,64.42279173583911
1256,68.60405939686883
1257,66.7802791865745
1258,65.14823346642018
1259,66.08906508660927
1260,66.9791034922596
1261,66.28303964741761
1262,66.95577273134025
1263,64.85196069425758
1264,66.4333493304506
1265,64.15747906814747
1266,66.04644377270041
1267,64.91580115090557
1268,65.17189188300505
1269,68.02340498508758
1270,67.82982293413974
1271,67.15336283142386
1272,64.72899744035169
1273,65.8636139121478
1274,68.07853814907976
1275,66.56591336697498
1276,69.70812120689
1277,66.97695218030695
1278,66.71676818917383
1279,66.03005045112891
1280,66.69314966099265
1281,66.31733573217431
1282,67.57802432095119
1283,67.96660799433496
1284,65.521443836807
1285,64.78453811404361
1286,64.10731580248834
1287,67.47972121826177
1288,65.23374858168289
1289,63.78923545164127
1290,67.43836185240056
1291,70.46453323649136
1292,66.97132211008554
1293,68.21390121134287
1294,67.19252236523528
1295,66.98726278426489
1296,68.47539669789707
1297,66.8207573278968
1298,67.66019563072734
1299,67.79042684982329
1300,66.45178448348744
1301,68.84328474095702
1302,67.25847520779722
1303,66.50012852896805
1304,68.3726749644288
1305,66.41801604736568
1306,67.77697376051965
1307,67.78450266527544
1308,69.37750185774652
1309,68.58234859581003
1310,67.9446281438004
1311,69.18340027244824
1312,70.04350129318728
1313,68.94333588160531
1314,68.24217635755934
1315,66.46321738586649
1316,66.87063012830674
1317,67.99137566327514
1318,67.63159415090112
1319,68.2818750219553
1320,68.68293372616768
1321,69.40159204007082
1322,68.63168631780987
1323,69.46543889102254
1324,68.942840323513
1325,66.18308428371225
1326,67.678310369602
1327,68.8384241579372
1328,67.42829030234871
1329,69.98515541322791
1330,71.32679397428481
1331,70.95438744170296
1332,69.04022194257328
1333,71.44160678167108
1334,69.65242025729599
1335,69.04107923122106
1336,68.71729387141009
1337,69.19856841097433
1338,69.13476037737776
1339,69.95256923841661
1340,69.99039472950226
1341,69.82525758680308
1342,70.46764236827163
1343,71.5448881182758
1344,71.26195088462238
1345,67.98709675396464
1346,66.57655624261116
1347,71.37320882850338
1348,68.28310192707127
1349,69.87886545914179
1350,68.63432212696742
1351,67.81599953962393
1352,71.03532556953563
1353,71.36603372155506
1354,69.58987263625991
1355,66.8955229524754
1356,69.69705591826502
1357,70.99659595845651
1358,68.4971871978136
1359,70.77100434892229
1360,70.52888925555867
1361,71.35547094462112
1362,70.75866899277557
1363,69.30891683135015
1364,72.24990546486355
1365,70.44532850923238
1366,70.6392241534607
1367,69.4385690632233
1368,70.11146346003206
1369,69.53281270155007
1370,70.49915939093671
1371,73.03327159158796
1372,68.91386302151666
1373,68.5992602636141
1374,72.72886535564926
1375,70.48783771202226
1376,69.877612066986
1377,72.15894237902285
1378,69.96555247533756
1379,73.20329303047465
1380,71.67157049273628
1381,70.1171003728027
1382,73.62794519297066
1383,69.95081930413001
1384,71.73275008711624
1385,71.13650278167061
1386,72.45511724371543
1387,72.78728347779662
1388,70.75013148622826
1389,69.6987239808189
1390,71.2890913773694
1391,69.77156840155378
1392,73.30769932893966
1393,70.814268404572
1394,70.13534662078743
1395,70.84165033779082
1396,68.80665476933146
1397,69.28185375024
1398,72.11642287818596
1399,69.65515375625081
1400,69.12211776790217
1401,71.17723071236476
1402,72.00430522582968
1403,71.36855607913883
1404,71.70659650615477
1405,69.38923795704005
1406,68.49624872440734
1407,72.28973873517293
1408,69.88290777988466
1409,69.95142346396547
1410,71.98365682824044
1411,70.95142423629434
1412,70.79449051118655
1413,72.99069271124701
1414,69.31324294671518
1415,71.32852331096532
1416,70.17192403021528
1417,70.42067011085045
1418,72.02766666288315
1419,70.67948314825611
1420,70.69359174220419
1421,71.35939692519983
1422,69.47673887353227
1423,68.84091193934941
1424,68.55308509922067
1425,67.34288813673253
1426,72.5060671599848
1427,68.41407562355575
1428,69.52899236200248
1429,69.43739886798308
1430,70.16875713410005
1431,70.80235684047031
1432,70.84091482517064
1433,68.9716835142991
1434,69.48878450111059
1435,70.04924053357418
1436,69.35447579889035
1437,71.71447860030965
1438,70.27371028829442
1439,70.57302442829493
1440,70.46981680301403
1441,71.1107390659337
1442,69.83644934323142
1443,67.9469005403425
1444,70.10072283935047
1445,68.75866624097709
1446,68.91129634405881
1447,70.32496856204719
1448,71.15024913690212
1449,69.60553866749221
1450,69.97091677246279
1451,71.73744069159315
1452,69.88998443216359
1453,72.88025516978834
1454,70.31088216541801
1455,67.38004298178225
1456,70.56305869853793
1457,70.10307279743246
1458,71.25912583079766
1459,70.4941937990502
1460,69.48617938388308
1461,68.1360676911595
1462,69.42969069781937
1463,68.64219964054115
1464,69.00103777489029
1465,70.4882728634751
1466,71.86475786594558
1467,70.28938767626573
1468,68.32288974884797
1469,70.40121018240171
1470,71.36757529213733
1471,69.13867855195306
1472,69.76231475466211
1473,69.97842774590823
1474,69.01362326600469
1475,70.83206547450904
1476,69.90816307766661
1477,70.61555832849653
1478,69.02699336816299
1479,69.62392644173129
1480,71.1020456498318
1481,69.7823859816377
1482,72.4253772394594
1483,69.83127906172471
1484,70.64641753087076
1485,71.56473923590791
1486,68.70215867632754
1487,68.32507958726345
1488,68.6622396844383
1489,72.14860213361995
1490,69.95809139602942
1491,73.83658345091328
1492,70.03948972056683
1493,71.00970327837489
1494,72.72740548731942
1495,73.34578897332136
1496,73.46238229515292
1497,72.46495637533575
1498,72.28914513110927
1499,71.81118026010267
1500,72.08989971228195
1501,70.51506624991205
1502,70.24142038805996
1503,71.28979344344606
1504,71.1387545170321
1505,70.84631601276119
1506,72.30066002904577
1507,72.66815604048514
1508,71.66483291137625
1509,73.40702272242345
1510,70.27454743732643
1511,71.47935946306048
1512,70.89658788541946
1513,69.55444555027515
1514,71.7698683109542
1515,71.77383657431375
1516,73.80414283546656
1517,72.78563786627325
1518,70.8345330382575
1519,74.3617088565596
1520,73.64492717384077
1521,72.9215435990202
1522,71.9941191992754
1523,71.15849935170574
1524,71.91263514556604
1525,73.71611590411388
1526,74.71686318222412
1527,74.34942580564059
1528,71.95207582093113
1529,71.23830988462751
1530,72.7919464791557
1531,70.5452498724855
1532,73.09042050574263
1533,72.56577695564339
1534,72.22303253512594
1535,70.91185113781583
1536,73.465856750029
1537,72.25187999315307
1538,71.52623976073129
1539,69.53160057434134
1540,72.95205513582162
1541,75.12346243646594
1542,75.01908534441299
1543,72.52885178235726
1544,72.38360158743694
1545,73.68018137639345
1546,71.96457428610034
1547,73.52881170608805
1548,74.10002481043009
1549,74.66516706758966
1550,73.11438568805417
1551,73.0101644581543
1552,72.23092756732018
1553,72.30741895928254
1554,73.03021732987037
1555,73.74304825603231
1556,74.39757608966167
1557,72.3872982213337
1558,75.0966206305064
1559,73.03088121524306
1560,73.33105668123447
1561,72.48485719718899
1562,70.52329389158511
1563,74.40477749207464
1564,74.23354121944931
1565,73.04221144374861
1566,73.44923188361524
1567,73.97212918461756
1568,71.54185581889178
1569,72.74520811124759
1570,74.28376817065927
1571,71.8898956247434
1572,73.6862555169027
1573,71.75763718215025
1574,73.86955442656343
1575,73.27562689131403
1576,71.43036767277185
1577,74.64568866219726
1578,72.4292749148182
1579,72.32846171955637
1580,73.48517938131842
1581,74.56686107934844
1582,72.04665855728506
1583,73.27588542176339
1584,73.68229869577456
1585,73.96876712686667
1586,73.3535089437813
1587,72.70758565547796
1588,72.15745417416522
1589,73.189244005912
1590,71.83601129103714
1591,69.69005811893457
1592,73.5272521035324
1593,74.04113471106831
1594,70.27090051702231
1595,71.80095260633708
1596,73.64438254423459
1597,75.26693746650098
1598,72.91226341170416
1599,72.03277422046949
1600,72.63231811752469
1601,74.38686458800221
1602,72.05695215825675
1603,71.85909974084623
1604,72.19656466282086
1605,71.63775273694894
1606,72.83911341562317
1607,74.52324398404974
1608,73.02045160075926
1609,72.34429376526421
1610,72.2773519516842
1611,70.81427828349975
1612,73.56512122887115
1613,72.45534127821753
1614,72.31850038009766
1615,76.11222211316365
1616,72.82012413481067
1617,71.61466430705188
1618,71.96377932390263
1619,73.72156227097875
1620,72.53708104129181
1621,70.77353101799231
1622,73.4111158610276
1623,71.61053601593508
1624,74.45207046187471
1625,73.54640915696167
1626,71.81912737789449
1627,73.74544310622036
1628,72.37416492730087
1629,73.24288544119266
1630,72.82126644113906
1631,71.32433616242977
1632,71.54437294049195
1633,73.40730327134183
1634,71.87845891419727
1635,71.7977309550066
1636,71.18038469713565
1637,72.71431910224852
1638,74.53677463165378
1639,71.05458406530924
1640,72.26981058383896
1641,73.8134661403868
1642,72.16022918994679
1643,72.75482250625379
1644,71.08146259177866
1645,72.73996802186345
1646,72.06647435390508
1647,73.37283764427664
1648,73.60519357221101
1649,75.16427262307077
1650,72.95654003257269
1651,72.68980270047567
1652,72.55951523491785
1653,71.97222084251199
1654,72.75079571449429
1655,72.07149757378326
1656,72.60083600004837
1657,73.88326552391658
1658,71.35266898126366
1659,73.73030992585448
1660,73.9473012156017
1661,72.39885779431481
1662,70.23118413963887
1663,71.91559161385823
1664,74.02589701851537
1665,72.61173863507189
1666,71.5754019240023
1667,72.14610475979511
1668,73.64453859734213
1669,73.35602062007476
1670,72.53342193318643
1671,72.42841890716075
1672,72.43634232128936
1673,71.8956580908248
1674,74.6878325624777
1675,72.62136704022792
1676,74.3283826159434
1677,74.69536770006293
1678,74.16695548611985
1679,72.65865021304772
1680,73.6023074419265
1681,73.18030493437551
1682,72.27183709813376
1683,73.63921835075148
1684,72.0599529280691
1685,74.65349113405942
1686,72.91622081891384
1687,73.67610115351323
1688,73.80767194575667
1689,73.26847778952485
1690,74.22058680501675
1691,73.12496438966295
1692,74.61314659439732
1693,72.28061104817779
1694,73.90272925972178
1695,75.88679065616627
1696,72.78627884142276
1697,73.17607364624226
1698,74.49348256280479
1699,74.18038360196329
1700,74.40662048971991
1701,74.59778235596933
1702,74.79594194147705
1703,75.34427222451482
1704,74.64197653440878
1705,73.99223328676999
1706,75.00529463765231
1707,76.34936893055271
1708,74.23338206570307
1709,73.3819437181343
1710,75.62807927039675
1711,74.36776036223102
1712,72.23609420265355
1713,75.46896751020896
1714,74.04563411286581
1715,74.55295520231502
1716,75.0354374762216
1717,74.92199837556736
1718,75.50380524338698
1719,74.33231917539368
1720,75.36428262847123
1721,74.58437281063746
1722,75.66546653574063
1723,75.5664246261065
1724,73.96902544266096
1725,76.11849324912745
1726,74.44659050306034
1727,75.88170365538421
1728,75.44635775466018
1729,77.00963010438171
1730,74.8784454244031
1731,74.77063430519455
1732,75.13756573340046
1733,74.86305237102664
1734,76.03318630219019
1735,73.53559344702353
1736,74.1404778781253
1737,74.1436774514462
1738,76.25788211534395
1739,77.06182139934556
1740,75.19069934187091
1741,75.13680449957641
1742,75.39621147930858
1743,76.53763975281521
1744,74.38388321445493
1745,75.5987319328746
1746,76.36753320664074
1747,75.88339725176752
1748,75.56668647654821
1749,76.40774015337118
1750,72.59160133256974
1751,76.07852130115461
1752,74.70787107772037
1753,73.49791677002592
1754,75.9056377589418
1755,76.78926023320777
1756,75.23389194892911
1757,76.348589157417
1758,77.01901522069308
1759,76.70733028699333
1760,77.03240813560113
1761,76.1049271653663
1762,75.41415663039814
1763,73.69074646238859
1764,75.0660810469507
1765,74.44582284505502
1766,77.50811250482742
1767,75.10257672633318
1768,75.39393003234196
1769,75.81563364540844
1770,75.28405636468189
1771,76.94693642061858
1772,74.57604128801206
1773,75.38930671810921
1774,74.42168404497109
1775,73.8191980443303
1776,74.51927455903078
1777,75.08277450354824
1778,74.66700346118729
1779,74.38190445614813
1780,73.6414867706921
1781,74.95791729252167
1782,73.50355675878438
1783,75.76678166046594
1784,75.06273743088633
1785,73.49131773941977
1786,74.62619167574924
1787,74.15968155249018
1788,75.21492181673129
1789,76.21839402229908
1790,72.96983400513211
1791,74.94479725375061
1792,74.64748539729021
1793,75.45858856226022
1794,74.97838516899166
1795,73.99200485763986
1796,74.40403502790521
1797,73.90717651255565
1798,75.75509437970955
1799,74.682394067605
1800,76.53564763752026
1801,74.56113226096709
1802,73.89733487779124
1803,73.0781313296532
1804,72.77312279683927
1805,72.97389645398144
1806,74.79478485573648
1807,75.01731116241587
1808,72.9293230787262
1809,75.36713657324238
1810,73.98740904289288
1811,74.5962006864844
1812,76.03070900488247
1813,75.30985605315952
1814,74.14649500785991
1815,73.52075944495812
1816,72.26774064872885
1817,73.6702890611874
1818,74.16149786918024
1819,73.38963862739045
1820,74.22402120779422
1821,74.42169275473348
1822,74.11944017560387
1823,73.69736818591866
1824,74.49623232279438
1825,74.76058545331279
1826,73.25758879504721
1827,75.70431860020703
1828,74.22690558377712
1829,74.3421997175911
1830,75.0167775686152
1831,74.55521470732872
1832,75.26049185929824
1833,74.6152120003595
1834,73.74435445487349
1835,74.69893778709339
1836,73.24216162567441
1837,74.46831463858989
1838,74.33986125040867
1839,74.18045925252196
1840,74.26908174042035
1841,72.58203544266102
1842,73.88779595718871
1843,74.52339334318418
1844,74.60334538421272
1845,73.47146033761986
1846,75.70462651691803
1847,73.66381888180052
1848,75.45416165459513
1849,74.95062227583504
1850,73.93696526561084
1851,76.29036029787868
1852,73.4552777564582
1853,75.51075853869841
1854,75.61258542432057
1855,74.03231135566631
1856,76.03810210997456
1857,74.48881437865838
1858,75.03253169407138
1859,75.03323043889174
1860,74.68418841985856
1861,75.61753241380252
1862,75.63056953710057
1863,73.23315648259043
1864,76.17919491188954
1865,73.38076172088657
1866,75.98292588894222
1867,76.10497923419385
1868,74.02700962551707
1869,74.70865511392374
1870,74.08286592488912
1871,74.96458912144465
1872,74.91160038829815
1873,75.97921265331033
1874,76.51769993382247
1875,76.63398384142877
1876,74.81610165801906
1877,75.18710418134819
1878,73.83040697255987
1879,74.69770165984129
1880,76.40729887919207
1881,77.05801586333492
1882,74.4072317893274
1883,75.05029428621387
1884,75.6211524270682
1885,75.94709013492844
1886,74.95952326270871
1887,76.15664800832245
1888,75.35033627618725
1889,75.81878210945443
1890,76.3815155472003
1891,75.91183043947717
1892,75.53347709365264
1893,75.87570221789217
1894,75.9314383439407
1895,75.70369286601971
1896,75.8428979279486
1897,77.6115882586088
1898,76.67683621019737
1899,75.91196307510202
1900,76.8700113722632
1901,75.94279987532562
1902,77.37725429036594
1903,76.66125099043775
1904,76.2490443324799
1905,76.79495968931329
1906,74.95164959091821
1907,75.39365430069263
1908,75.36068866973424
1909,76.62720154175162
1910,78.12517618177672
1911,78.61174664520647
1912,77.16364777384459
1913,77.06139876660055
1914,74.96075906120778
1915,76.14568222914312
1916,75.94252764615362
1917,76.11833942462137
1918,76.55611317044934
1919,76.29649023967242
1920,74.93033554568736
1921,77.45476188514859
1922,75.80018504849913
1923,77.02064589072859
1924,78.71788770076026
1925,75.98865391033674
1926,74.52790178173234
1927,76.59527571531008
1928,77.8751311825237
1929,78.66848999643776
1930,75.76625788816541
1931,77.35089866150095
1932,76.48121829011305
1933,76.81584711640508
1934,79.32634246461852
1935,75.55560659022834
1936,77.15816440137176
1937,77.35559860264141
1938,77.91889220321639
1939,77.02302639656581
1940,77.21390581664335
1941,76.57904200411895
1942,77.17642666016644
1943,76.61977093754173
1944,77.48957486756642
1945,76.58926137752593
1946,77.25925818795815
1947,76.88658979190835
1948,77.92248885831873
1949,76.85310225370577
1950,75.29407016989256
1951,78.01898071794933
1952,76.05844781640472
1953,76.27542123503937
1954,76.31721034105269
1955,78.0751540812838
1956,74.91237756870318
1957,79.62991569002313
1958,77.74916475073019
1959,76.98877855924634
1960,76.72526563259594
1961,77.01480557621394
1962,77.20970424645229
1963,77.30428472017978
1964,77.2075243022742
1965,76.77469603942943
1966,76.5016875113331
1967,76.52528482466576
1968,76.46864318387807
1969,77.63259394811483
1970,77.13319201701177
1971,73.97442919736089
1972,77.15021092136621
1973,76.72154183455156
1974,76.51290714172481
1975,76.16584669356388
1976,77.48601180617207
1977,77.3095368485495
1978,75.76801354523707
1979,76.79161129283104
1980,75.55421132698312
1981,75.17522037009991
1982,75.82063368079731
1983,77.1141592623192
1984,77.17439861424134
1985,76.76751466562887
1986,76.93490739275417
1987,76.73227008709627
1988,75.69670559942949
1989,76.6213737082044
1990,76.92668704925845
1991,76.86842518320145
1992,77.23177633346218
1993,76.79369012453745
1994,76.46486469612003
1995,77.07735227069999
1996,76.10319558861222
1997,75.34153183282112
1998,75.95506421123362
1999,75.43405837619368
2000,75.48211818604437
2001,75.93211783051912
2002,75.35637109036016
2003,75.76687800891035
2004,74.37817375877631
2005,76.19933808535322
2006,76.00580545344914
2007,75.28736381208111
2008,76.55974619048942
2009,76.79332564985087
2010,74.58298423977196
2011,75.30917782432192
2012,75.29919910819625
2013,75.14802127247077
2014,76.67303052458907
2015,75.78711324626617
2016,75.72461906074724
2017,74.2251066635652
2018,76.49909327357682
2019,74.88626600191364
2020,76.00599902694313
2021,76.1954008951468
2022,77.12906048751218
2023,74.84131410912687
2024,73.3798524008893
2025,76.13339811707816
2026,77.5249908839566
2027,77.05095831904032
2028,76.17829470559889
2029,75.58805373599685
2030,76.7081937426024
2031,75.19855581744271
2032,76.44814607683539
2033,76.4854917842526
2034,76.97151158650858
2035,78.43247485149058
2036,76.43172260975496
2037,75.68100319946392
2038,76.10891406901227
2039,74.64580271886538
2040,75.57698001723963
2041,75.83855918152459
2042,75.76130961977739
2043,76.35512266623859
2044,75.55115581846745
2045,77.2175487023814
2046,76.2920122446688
2047,76.30721807672381
2048,76.06211509119335
2049,76.49434363310655
2050,77.08413675799011
2051,75.68346506967009
2052,75.88610663257163
2053,76.2113663411778
2054,75.36236590389287
2055,75.83331422607478
2056,76.1499609823258
2057,77.31226047875343
2058,76.82757409284642
2059,76.79893276025871
2060,77.37904459228336
2061,76.58133838565294
2062,77.05322796305401
2063,76.67087561537518
2064,77.00964219015627
2065,76.3324677443054
2066,74.81550417984926
2067,76.76959531503216
2068,78.098470951401
2069,77.71586387196308
2070,77.7796452403229
2071,78.03598009001796
2072,77.11351227951448
2073,77.23545202087202
2074,76.5907162190543
2075,76.87282880831214
2076,77.67689613567349
2077,78.19512857153758
2078,77.11387015888722
2079,76.88804004041727
2080,77.29180069100855
2081,77.81872799952065
2082,76.16055575527544
2083,75.48834161662614
2084,76.95868691148155
2085,76.43635531220191
2086,77.05292609702077
2087,77.37853016377531
2088,77.15582822465889
2089,78.75009648071602
2090,77.8523693886373
2091,77.85768552200756
2092,78.14794686910751
2093,76.73028932115888
2094,78.54028717513837
2095,77.65210708004939
2096,78.28693168735785
2097,76.8860466666376
2098,76.51609086647665
2099,78.475612330404
2100,78.13685168889329
2101,77.11549318711164
2102,77.16287245590512
2103,78.8076463142488
2104,76.94252458355132
2105,79.26452146067237
2106,77.21448430810482
2107,78.48170125970431
2108,77.71268011150543
2109,78.48395091322078
2110,77.56829982667782
2111,77.89124432521328
2112,78.0692233869969
2113,77.23760226155436
2114,78.65856787910965
2115,77.65566069514459
2116,77.89547811343954
2117,77.28673504196772
2118,76.03115527209708
2119,77.95050735967506
2120,80.05362215436445
2121,78.74796514869251
2122,78.10596261858933
2123,77.91422229750798
2124,78.14676806934332
2125,78.57026595303536
2126,77.18567899734131
2127,79.026784466708
2128,78.70668172037584
2129,78.70781346481971
2130,78.48216674632769
2131,78.14480804700226
2132,78.66367186142631
2133,78.594849140385
2134,77.8353648067546
2135,77.65527286226644
2136,78.18789868522927
2137,79.33366151244589
2138,77.10678585194857
2139,76.91784798471839
2140,78.20732916301311
2141,78.10761266792147
2142,78.19498834596435
2143,78.24052835078513
2144,77.85914389080374
2145,79.204810544
2146,76.74518617198102
2147,77.34456462922107
2148,77.9053695856106
2149,76.67522434785401
2150,77.82074620434165
2151,79.25628872192405
2152,77.9469876708787
2153,78.09720926933089
2154,76.907517580154
2155,77.39906749532346
2156,77.57297692911993
2157,77.60198851703693
2158,78.841814858453
2159,78.25603851661484
2160,76.92933182347947
2161,77.97726907800889
2162,78.15699222847981
2163,78.64184490106263
2164,78.96826163404693
2165,76.92025291262628
2166,77.06267349565856
2167,76.69653939910437
2168,77.47825378613084
2169,78.00692180595523
2170,78.39511883424865
2171,77.54894883987052
2172,77.34174704454799
2173,77.6914846213996
2174,76.907144020105
2175,79.16266548016415
2176,76.27464389769239
2177,77.64959464328648
2178,79.05902383197389
2179,77.47942393781328
2180,77.3114009931288
2181,77.16668420435411
2182,77.28886677023728
2183,78.4747810156567
2184,75.69145056056324
2185,78.5694902105403
2186,76.27439356543371
2187,77.15435141237883
2188,77.01690954043403
2189,77.78880136441175
2190,76.09497645940357
2191,77.66897260979648
2192,78.85872800926859
2193,76.24713742700744
2194,77.43030320970095
2195,76.76867268046702
2196,77.59482054011626
2197,77.27592034955997
2198,76.76375828780434
2199,77.6219429354625
2200,78.62269599055755
2201,77.09321442168547
2202,77.78459780736105
2203,76.24545763033638
2204,76.50043870967542
2205,77.58775495979386
2206,78.35679470977941
2207,77.49714412756484
2208,76.98898655392468
2209,77.22768968683043
2210,76.28062094903673
2211,77.69162710031324
2212,77.90546683898663
2213,76.89783590511955
2214,76.8893964078562
2215,77.45235774630262
2216,76.92718121805338
2217,77.21472148232897
2218,78.85891150868166
2219,77.09479438962285
2220,77.02032159066873
2221,76.81255772663515
2222,77.87241171991201
2223,77.18674028588526
2224,76.84679042267335
2225,78.34213048178961
2226,78.42901813674244
2227,76.92544570058246
2228,75.99038690992793
2229,78.16281651336763
2230,76.91014162283989
2231,78.03258215037594
2232,75.98288676514777
2233,78.14379806647307
2234,76.58911747517782
2235,78.06004583268064
2236,77.5445238503166
2237,76.84238324293166
2238,77.27161989461267
2239,78.10809496035733
2240,77.69736103528717
2241,78.07584709984711
2242,79.13382770008265
2243,76.52408894524305
2244,78.91193340238888
2245,77.8120201494309
2246,77.09209013132458
2247,76.79727975905766
2248,77.66854349857529
2249,78.51648355186985
2250,77.7652181400317
2251,79.00301830835761
2252,76.83901793768202
2253,77.92887926279433
2254,77.03985421567064
2255,78.25910028273158
2256,78.6713911632305
2257,77.73448456193798
2258,76.15412122884308
2259,78.2447391165474
2260,78.44650086671743
2261,78.44947971120958
2262,79.08687675641629
2263,77.42039275464727
2264,78.73214395660193
2265,79.13410038804246
2266,76.98411065975911
2267,78.54734942419789
2268,77.97097941196651
2269,78.30641196360423
2270,78.64601966895302
2271,78.06209347065618
2272,77.95033936287771
2273,78.49350723888591
2274,77.70131703453913
2275,77.72750468528902
2276,79.03692412168185
2277,77.73097162664769
2278,79.07430170576208
2279,78.9491801390101
2280,77.38320230751032
2281,78.16670858730816
2282,79.54572042084952
2283,77.99059048738776
2284,78.3860570319231
2285,79.07697235890801
2286,79.32893594918576
2287,78.59999774716084
2288,78.36899621311413
2289,79.84516254808291
2290,80.09036300255336
2291,79.55871172819673
2292,78.93099076186176
2293,78.30343883543047
2294,78.30295070779968
2295,79.29045487008614
2296,79.22920299741828
2297,79.948078331654
2298,79.42090708813761
2299,77.88812149936115
2300,79.73089344909421
2301,78.2726596766925
2302,78.72232101810012
2303,79.18508057760974
2304,80.44089785168167
2305,81.2435104641852
2306,79.46198270160356
2307,78.90431562754861
2308,79.42153702541863
2309,79.67764488743683
2310,78.8208693233094
2311,80.32997755234452
2312,79.21872526167184
2313,79.4107507580122
2314,79.53117208162881
2315,79.3579492917005
2316,79.65361501752488
2317,78.62011335909627
2318,78.66061539153944
2319,78.27504725827129
2320,79.36201015685577
2321,79.59830045183942
2322,79.36685833660673
2323,80.22107205141143
2324,79.02926429913808
2325,79.49884936218129
2326,78.25117774378941
2327,78.74079102731332
2328,79.49531046921821
2329,79.59474005202503
2330,78.78194664264217
2331,78.92896817175486
2332,77.90370525398762
2333,78.70858799296818
2334,79.57266677708839
2335,79.34015467768687
2336,79.27601852116575
2337,78.94813278620174
2338,78.90575215661617
2339,78.42639325916593
2340,79.36290108241339
2341,79.15506957490233
2342,79.19058477470259
2343,78.46641009681716
2344,77.31835811884235
2345,79.56803675267366
2346,78.45594031002825
2347,78.17403300646517
2348,79.2407086646493
2349,78.4710086564457
2350,79.46339834049462
2351,79.13996515304856
2352,79.17002510353016
2353,77.73395100384725
2354,79.50342654951666
2355,78.82914115091853
2356,78.37707358586742
2357,78.71556004092785
2358,77.37392173967028
2359,78.86676909836157
2360,77.85901541142927
2361,77.6209839888583
2362,77.4891789716986
2363,79.28845681428533
2364,78.07439131810237
2365,79.54679624003784
2366,78.10940827007012
2367,77.29066131960634
2368,77.68257925876024
2369,79.2822707261733
2370,78.31424119523356
2371,78.03218984232747
2372,78.50422061858144
2373,78.72526385711693
2374,79.13359507410524
2375,79.3474125179306
2376,78.10071327198085
2377,77.43050739102517
2378,78.04273970155377
2379,78.49188968296279
2380,77.64851310807562
2381,77.64424390781541
2382,78.52081819546721
2383,78.24576330025228
2384,78.2934887894134
2385,77.749218372571
2386,78.10130029323939
2387,77.6250267694267
2388,78.84946211281877
2389,78.94251726809256
2390,76.98797133756652
2391,77.60512146277733
2392,77.21932966489561
2393,77.78938555086386
2394,78.17039886065159
2395,77.24773937643056
2396,77.60372555914469
2397,77.54901019362984
2398,78.36580712779379
2399,78.27441393612325
2400,77.74457282416063
2401,78.35153943586936
2402,77.8690194064192
2403,78.0579551228585
2404,79.36752426050381
2405,79.14901959602673
2406,77.38593698626018
2407,78.8187415634233
2408,78.81347920072947
2409,77.51082508151714
2410,78.83434778510909
2411,79.32350520444318
2412,77.55719731248821
2413,77.70491154513678
2414,79.00624247628416
2415,78.52047440793687
2416,78.71902005928176
2417,78.59134716271927
2418,78.63794139065858
2419,77.5108102822229
2420,79.10212548232109
2421,79.1978831835027
2422,78.28519317343475
2423,78.42458679418378
2424,77.45585267767086
2425,78.82742428471302
2426,78.88295926460906
2427,78.48138116475262
2428,79.2837213146599
2429,78.33910881792002
2430,78.95144210985069
2431,77.92606793133814
2432,78.60288869802726
2433,78.52386537183777
2434,78.80760198138893
2435,78.4371583109917
2436,78.61500365179502
2437,79.26557192175986
2438,78.45787018554049
2439,77.71245723962738
2440,79.93594811402659
2441,79.71633586143021
2442,77.98729355911392
2443,79.30763422379323
2444,78.55003978871558
2445,79.07413322024516
2446,79.11707208442184
2447,78.79487232206384
2448,78.45962416161193
2449,78.54381848028648
2450,78.42015299121655
2451,78.49853304123155
2452,79.01951431146941
2453,78.62067081453141
2454,79.55237028130884
2455,80.09787865078744
2456,78.77790050501925
2457,79.33224388279423
2458,79.52321198942182
2459,79.52719672005121
2460,79.29246699238433
2461,79.74557946810017
2462,79.59828829959316
2463,78.50765605355502
2464,79.8898599507857
2465,79.92179379291768
2466,78.87689880015093
2467,79.41367148940957
2468,79.84903704499975
2469,79.2931781011901
2470,80.13719634880283
2471,80.98530711959866
2472,78.97794974631232
2473,78.6135929899781
2474,79.7127019964122
2475,79.99715935619965
2476,79.40241190654399
2477,80.49712079507047
2478,78.72409290837011
2479,80.03916630072803
2480,79.22242798318622
2481,80.72222342276777
2482,80.90897691261652
2483,79.1594879422601
2484,79.31014382301797
2485,80.21996174267403
2486,79.4360596790387
2487,79.6639005160797
2488,79.7184895679162
2489,78.49054510355795
2490,79.71077507115766
2491,79.28922460879808
2492,79.42137284793482
2493,80.65654246762065
2494,78.95016721824541
2495,80.26709810871762
2496,79.57990930623934
2497,79.58350399219408
2498,80.2636649936584
2499,79.98152583492275
2500,80.12913361192643
