Episode,DRL_Reward,QDRL_5Q_Reward
0,6.241785382528082,3.1181028538743467
1,4.8502988531571924,3.672927839954206
2,7.010905283423448,5.946154870611489
3,9.394611302841096,6.6450316791275785
4,5.196498353921028,7.1526263032272395
5,5.390741467928244,9.925091011076153
6,10.117540139325277,11.273822181284704
7,8.280607431036183,10.835420499698163
8,5.379802552466457,13.950401306919161
9,8.100180278329187,10.743118673689796
10,5.774221048861085,13.145311129678506
11,5.955990726017489,13.228129316415675
12,7.911208299318586,12.325915030683456
13,2.7074020325037083,16.0036903602023
14,3.3607974595323498,16.821819767646613
15,6.447931031890066,20.237192139239006
16,5.500079669786225,19.72519075046209
17,8.994117093904215,18.013192023420892
18,6.112500055293731,23.316690158741846
19,5.023471959935631,23.173124739677274
20,12.387525815071399,23.01623274754947
21,8.325532816985865,22.594068902216193
22,9.222659233413673,22.28474999264012
23,5.653030695926523,23.995460712003304
24,8.01210933587564,27.03184060448833
25,9.805548985277182,29.03624539199729
26,6.802858830315035,29.294677978892558
27,10.768528303176888,26.97438995779325
28,8.473387465458522,26.786058720884235
29,9.388135436425404,29.460707982287953
30,8.752101932950247,27.323604089868542
31,15.022608151191415,31.232750322738283
32,10.490196253804104,31.25908305896173
33,8.008112208320703,31.50950319799267
34,12.833571244941535,30.53678002990987
35,7.846238631281238,34.41625320241765
36,11.53791960422609,33.55489141639851
37,6.230231578610586,33.30276346311191
38,7.918785473531381,31.458112961028263
39,11.83741358225785,36.383592481294684
40,13.293576550862557,39.73340257771609
41,11.974098448336825,40.2321142752953
42,11.35092587514983,37.752301015171
43,10.977745376220106,38.19235920984803
44,8.120739746106846,40.41959029329086
45,10.10005413169733,38.89681082885509
46,10.826770110461602,41.4416337584182
47,14.695964950197773,42.74609757657893
48,12.983099791028975,44.03593708504865
49,7.783467922194537,42.702937917733344
50,13.064434093463312,43.15517425507916
51,11.350842800518512,42.76976874048409
52,10.676767928274224,43.43561369927061
53,13.950024525369322,44.89149234665314
54,15.046370962268579,46.32802335881014
55,14.841433945634744,47.68597177468215
56,10.45592470181057,45.76853439832201
57,11.818100540324073,49.63429666070763
58,13.45294031148429,47.643834324898265
59,15.093845623302332,48.5465989457762
60,11.483866920243104,48.04399945386299
61,12.241165431156992,46.17860300176162
62,9.959752558832957,51.43335838851841
63,9.752197437986235,51.74069380742106
64,14.788083465772306,50.803967654555066
65,16.15844262070475,51.80718317793212
66,12.596001118151257,52.94565929384438
67,15.290247846666913,50.500205736484915
68,13.688198672188923,52.455241216704096
69,11.1714079008663,54.808360109883864
70,13.685305683346744,52.40421275474106
71,16.622136264540497,55.057633942903806
72,12.680437738496192,53.21368604694893
73,16.67241356411308,56.23491955687515
74,6.200203278214385,55.99338038841058
75,14.791162849403277,54.24686624250944
76,12.939064989808443,58.5734112381233
77,11.95729327851317,56.37823265809325
78,12.916026982351301,56.71828104026495
79,7.6980925001627565,58.55918355209823
80,12.096930180546812,60.30423901781863
81,13.516822354375911,57.74527542817104
82,16.295674888331174,59.659062120503364
83,11.281264021719881,60.5869414527077
84,10.530940437297662,61.368168151025706
85,11.272386805624702,61.07441442583087
86,14.789395467072268,60.743026547534775
87,13.296520704203155,60.52409798439099
88,11.123773729700115,62.17731482574843
89,13.704789403574994,61.00374014469129
90,12.637813262948013,58.89422097418417
91,14.79041895579494,63.85052953551218
92,10.587685535217405,64.87575236515792
93,11.498135045817959,60.85078993532009
94,11.312087474273119,63.06968138007345
95,8.609367311449667,65.6507114608492
96,12.985114612685965,67.96545218606857
97,12.87510557261508,65.60889448570965
98,12.214029178787788,64.98441553435023
99,11.594809413033046,66.09102007628893
100,8.624262844463882,68.54436736477535
101,11.093994895265226,66.22082699131417
102,11.273369734957079,66.38842637205128
103,10.110761080163243,67.17832476981137
104,11.70140734019008,66.92185681551686
105,13.104901506767412,68.71181363889838
106,16.802490837987474,71.05767576979576
107,12.517932118561012,69.69882613720978
108,12.72214272215978,69.30001348733897
109,11.891353580388142,69.60642131275571
110,7.282266028435551,68.29585140157448
111,12.017257423377242,71.85683584788718
112,12.24118285056047,70.95222393518225
113,18.25858623210941,71.17041137253226
114,11.632348125594449,75.9152376261546
115,12.882868186833708,72.49421930621574
116,12.061029241002265,71.47808714380074
117,9.24805776728583,72.24826242579084
118,15.051961166886858,74.63176462196712
119,14.10316256523368,73.63704433018788
120,14.232673511239472,71.98019218982616
121,10.016785330079284,75.35912149196102
122,15.835851144916944,73.65909859029722
123,8.866350090300237,77.2595296654868
124,13.883779167635703,76.5788025537669
125,17.942021183772265,74.96232030214395
126,10.04241000227352,77.50491014488513
127,11.159529475739824,76.29267352369497
128,12.884605994758735,77.62495768945081
129,11.440694731654032,77.48938672468991
130,8.890350950314236,76.13409299920608
131,13.009774022831845,76.72361791039582
132,10.257702908757228,79.16819330421374
133,14.176279701894273,77.7745223928109
134,10.77631269265548,78.01626432099538
135,17.036014683743552,77.65082342850486
136,11.293069225936957,79.70721476969766
137,12.539773646185566,82.08223565033093
138,15.476124627305591,78.48841306299575
139,10.466227279554799,80.17429373095533
140,14.21671513953969,82.22320255297319
141,17.02418384696316,80.68370181662068
142,9.849423959719639,81.66150998597224
143,14.445019577759199,80.0990149425248
144,14.751892407910132,82.25974438152981
145,16.17888599871213,81.81131311489342
146,11.257429211067967,83.56890324470737
147,11.177411903325378,84.12442000987014
148,15.915357305359258,86.15268657529799
149,15.488045574436706,83.98737299784337
150,15.509950999675358,83.9793205251356
151,15.890948797638039,84.12012805870748
152,13.468766322644782,83.7515934986287
153,15.89626491676194,84.89338801670158
154,16.197825659932914,84.41774206664408
155,13.831395986750817,85.27579846241726
156,20.436358670901246,86.96068125392337
157,17.113568599138603,84.43449418557034
158,13.110102549395702,87.31774275018466
159,17.89132339697035,87.81436800820802
160,13.976905450412136,86.36592014199512
161,18.546969859749332,84.2371193130663
162,19.643258173504925,86.33653059602968
163,14.86431765387073,88.89561838667136
164,19.495340213047758,87.58654268476909
165,18.291227558009812,86.6902303484099
166,19.488174579298732,87.54904203419014
167,22.350001983067646,89.41599890945345
168,17.170662118100545,89.32658338297618
169,16.07689200951527,88.65194104019707
170,15.915401721767884,88.75658527117581
171,16.278339859049936,88.98048410792552
172,18.304377485143057,88.60437253060795
173,19.529731451179256,91.8438811977907
174,19.548616310207464,89.80399591286269
175,21.10506723888496,91.85335685225816
176,19.24987928540536,92.4446914674014
177,23.031384289351916,92.06305187053105
178,18.915854134013713,90.61993809411503
179,26.55750249917575,91.82271579985205
180,21.5003315881564,91.54700201333074
181,17.971717793698428,90.7442167316026
182,17.615059001888913,92.38894075155739
183,21.675246088914456,90.85856951181356
184,20.08614632750409,93.81022790010721
185,22.60437461621493,92.10484264401711
186,22.17573918370149,93.07667053924018
187,20.9824175872121,93.3701471023088
188,19.217796397169597,92.941781584456
189,17.716274482012224,94.10523839105024
190,20.55391503284824,93.0758047731517
191,23.976086472018522,94.8022226372733
192,22.533169659833515,92.44862607398754
193,19.04427694372481,94.30838055511444
194,22.749994260826924,96.54651570185216
195,23.436372396945405,93.37161295319368
196,20.416983720407757,93.90665451436082
197,23.161895289479993,95.42187347668337
198,23.071365079237072,95.20255750822032
199,20.21388587137555,95.55183815202624
200,24.10836141370422,95.86034504335694
201,24.755457860265867,96.17272412134882
202,26.197663085937652,96.0646744854468
203,26.257930019694673,96.50136209408424
204,20.30941334989617,95.73695803734911
205,21.535882525700348,97.25994705298253
206,25.291516744389227,93.72692216275739
207,25.40843482323659,95.68596065205072
208,25.528125563200717,96.77853544278301
209,33.98530799059373,97.32030824304384
210,25.890060900114598,97.22074426222106
211,27.407436967807264,97.58646748112186
212,27.05550342335881,95.84639750741937
213,26.397200846782468,96.39982235341691
214,24.074985206905023,97.50449058700853
215,26.85119793703491,96.95816552576252
216,23.10848322656871,97.28484589883276
217,24.531404580261523,98.28343350097794
218,23.98906399820759,96.34743091983455
219,25.48228525605566,98.63580307201534
220,31.135471834173934,97.57352601517178
221,20.747984494012407,97.853108718459
222,27.195219515163004,96.85365791117383
223,21.507308264311924,99.0080941232384
224,24.41491721986509,98.2359238490724
225,28.36890990746226,95.18067327447706
226,25.8551799595168,97.480633552087
227,23.044251606381792,98.81676819602849
228,23.99070700157368,98.19051039197088
229,27.514569120176688,100.14756663211772
230,24.02256373422141,100.24539051590413
231,26.418875413495947,98.63217415380807
232,26.017300759791553,98.35508284649173
233,24.296461142060057,101.00837774874847
234,31.303921183961705,98.88153370558258
235,27.54402938868455,98.85999433672355
236,20.908186260155063,98.21265296597169
237,26.445701716422864,98.14758699411382
238,24.330411662227245,98.34794352100808
239,28.11814212962086,98.6018402556065
240,24.004891267065265,97.62691566739967
241,25.695527749170743,97.58310161287244
242,27.238145953020982,99.31771583675732
243,28.130603110460843,98.96159255215842
244,22.953338685674275,99.6793694951041
245,25.103120455440074,97.42973283097432
246,24.734838609465882,99.28696171607119
247,24.269349934401905,99.73343125595075
248,30.294533727094365,99.2317357320409
249,26.869445461072925,100.74365434633523
250,22.67885888992052,101.65710777153625
251,28.097904833238726,98.99339731480744
252,31.079046631798818,97.91231888216964
253,28.323574002609895,100.11870005204128
254,21.91121475202814,98.25944074678318
255,24.464884820464363,99.4540401912082
256,28.80730883617289,101.67540646802073
257,23.834279513372156,99.79068649975368
258,26.675417201868708,97.90986060776112
259,27.463995634497937,99.96671170252444
260,23.17088680169248,100.10811333486028
261,25.29959772388638,100.072213591554
262,17.30497227067829,100.53587101791928
263,22.80656862077881,99.31059589345374
264,24.69531859809431,100.38649883831451
265,22.166423131720435,101.27179368333302
266,29.326129003901123,101.58406312702313
267,21.629181000957246,100.05787344039057
268,24.064207105404897,99.5863623722165
269,25.451439405985745,100.77989065220233
270,28.688661467081225,100.75207125985087
271,21.457467780762997,100.39772081777186
272,27.917565021827578,101.18353544643028
273,24.99879005564881,102.36819339501162
274,22.484137133407785,102.14171080405642
275,26.059147158957792,100.59341606011277
276,25.368922813552913,100.12150457637304
277,23.33964702150706,102.3951527436396
278,24.985263709751315,102.863110677872
279,23.819818334007014,101.83937178955189
280,25.041132611322748,101.49813702518922
281,26.388911989934144,102.50263822325724
282,28.676995918319456,103.09159965088057
283,21.59801681030706,102.9042993877338
284,30.008081424518046,100.8858427330253
285,19.780666239249882,100.95933979079398
286,24.269357428249084,101.83589837135756
287,26.110192305531978,103.52006764849128
288,25.335197331200753,101.76527942922257
289,23.072117452047067,100.75519910705327
290,24.107626699622458,103.44807286377745
291,23.397497001616284,101.38498929749018
292,23.161734933455687,102.66242365882538
293,26.767455546690073,101.99225668452026
294,25.54751988788225,102.41667811210765
295,22.93753263672215,103.5075228739182
296,26.936989248218598,102.64845094041189
297,25.477837306336127,103.08518697106908
298,26.766812834950194,103.01889218909888
299,26.337318328711493,103.91244977136864
300,22.722912018710836,104.14326397283308
301,23.430705250732792,104.70260703228371
302,26.738790811322264,103.56770513709307
303,26.439552977024377,102.2605347875895
304,24.90814156388526,102.72694649053008
305,25.304201309619472,105.63958752614512
306,28.259267974188997,104.69063831148028
307,23.64414738633061,102.45808019869844
308,26.55254346601395,103.53156099656144
309,24.744798480834117,104.22664140593545
310,24.775310180256852,102.60379984234521
311,28.13943352979252,103.57166206679055
312,27.53274291060955,106.66530065970453
313,27.583401635504266,102.39638482506051
314,28.89744255503602,105.9417420997795
315,25.77403843405104,103.83710068815299
316,27.517827905502582,104.66170853174195
317,25.132291918121677,107.6960347953578
318,26.816943362905004,105.54065431017207
319,25.783247889232648,106.42213785613012
320,26.45663231982383,105.78874786422678
321,27.810975659407916,105.84955168942184
322,24.389816420563708,106.27611402761923
323,31.781901879573596,106.14258396270046
324,24.15466823966126,106.93639616822627
325,23.756158333156527,104.32536959474655
326,29.811889023725058,105.22805893307464
327,29.023733991968296,105.60911520100981
328,28.73574140534008,104.2702579826607
329,28.87998139118221,107.3214143433416
330,27.41489587913419,106.37901234649159
331,25.3413962461589,106.99781892754953
332,27.91558840266342,107.11365465724775
333,26.177141019476043,106.50189488563086
334,30.454131193731712,106.58594305809288
335,27.797185007543955,107.39098534803803
336,26.25168097231581,107.52567795076043
337,27.664539863968994,106.98287022160083
338,29.65478208890131,108.10383203927866
339,27.369340548400686,106.44109609208206
340,26.8809276036952,106.33167484951535
341,29.7050279984004,106.71653460136544
342,29.86893701372528,108.22276928074619
343,28.151125182029695,108.07954978693866
344,28.403972805245292,106.9013655098188
345,30.32577125369139,108.27059564978364
346,26.290373915870884,108.68055848015172
347,26.557591154017636,107.97922126762616
348,28.446399247290376,107.69273922395979
349,29.875609608269993,107.62277166227184
350,31.35353698150539,107.21296252866362
351,34.431886001478695,107.15732030213006
352,33.054922315422665,106.21653603736421
353,30.67811858297086,107.96230376586493
354,31.19739336076307,108.59403300199465
355,28.905220432594284,106.60716869822231
356,31.53137600054395,107.39611426159932
357,31.021496860146996,108.858676128688
358,32.7146594027967,107.91794213149788
359,30.00360631310645,108.75064890914727
360,33.53283901280403,108.2691298339167
361,36.227945940830075,109.21470776052853
362,32.28453098384502,105.596740825752
363,33.71962157700649,109.88673363189777
364,34.59806457145712,108.50215169896599
365,32.02534221087754,109.04923176735517
366,33.742516996092974,108.77560797858895
367,33.36574212865843,109.30530111681611
368,33.72839133499692,108.73260369223247
369,31.699465422313615,108.37886350919281
370,33.83878980673281,107.80447595023173
371,35.16565995269707,107.96454750846752
372,37.68919107545969,107.71301786312884
373,36.597590626007666,108.43846007449963
374,39.71776379351087,108.15808825466922
375,32.549047670401606,109.16552233511257
376,36.77794766001437,107.87868556749747
377,35.1822604488404,107.28416346264576
378,40.3221150274945,108.0393811421678
379,32.94742396869525,108.67817800624775
380,32.98620754812408,109.18416822050132
381,33.70107827483959,108.78275885647139
382,30.000502474813835,108.67044463819337
383,34.1031033998107,106.33793127622104
384,33.623413144397425,109.65390268784084
385,35.99742956460843,109.25324411534511
386,36.57242802369341,108.49348687353776
387,40.50140160212369,107.88104735292885
388,38.27626928306892,108.92798824631355
389,34.543444463783004,108.27386845458615
390,33.82138422943803,108.38437977169333
391,37.37512892345498,107.14522149369432
392,32.91882501238482,107.89704486172869
393,40.868277901467124,107.92409643288076
394,39.30458397428443,107.96161272902171
395,35.24551561830395,108.61321401216776
396,32.19420142315941,108.85333294355434
397,39.91641200812282,109.19558550307681
398,36.29618840375142,108.8744585744514
399,39.724007521671254,106.99104261119597
400,32.686461128776784,108.60872214158329
401,35.2133089386967,107.55348343576324
402,36.760247355034295,107.27898586777673
403,36.89618408925172,107.5158920614248
404,35.681398576864936,107.98995370275921
405,38.387788871973896,107.80523485463092
406,34.182028545146586,108.29019770542405
407,36.51190655354141,108.87060226890118
408,37.181780902865796,108.06041713842744
409,38.17679171344798,106.11878835637131
410,38.675910639416706,110.25358581514564
411,34.08803715622467,108.2350503845711
412,33.063784409807084,108.2721377451156
413,40.08942041668312,107.28039993575776
414,37.71897964623467,108.85359620678764
415,35.0068329045532,108.63090722682315
416,40.74275672486352,108.83164858205899
417,37.13795213866575,107.9952556873652
418,39.77805049166157,108.38149462538718
419,36.97689446160701,107.29318928133989
420,41.93560651083184,108.45989722511064
421,41.14517722870336,108.48276430978153
422,36.10505860140754,108.17599927632877
423,39.124704107429345,107.07040504571395
424,38.27529965076214,108.31500572715457
425,40.047411147129054,108.27899217644898
426,34.17550226156733,108.46410174224236
427,38.26304362366595,107.44972824121484
428,39.15232718236633,108.1978126341797
429,32.06613885903063,109.57160862582728
430,33.4600592086023,107.66522525554211
431,31.27396679293009,109.00201361637795
432,35.65112493365794,109.39094348490327
433,38.06997619280485,108.01924328477952
434,39.98250752955474,108.52454187942288
435,36.3614952474407,109.54905004807284
436,40.19672385452836,108.54139085347298
437,32.62327641876445,108.17368560113559
438,31.7629731655793,107.6027168897082
439,35.83014957989578,110.004079906736
440,36.87659893110279,108.8393816479952
441,35.782078536854954,108.90004046093692
442,30.64269053938965,107.33474961474916
443,35.536212819372295,108.0207480251077
444,32.44592912492782,108.871395183297
445,37.32988256620791,108.00280580783574
446,36.52143829242613,109.18209559724431
447,33.20526176754955,109.5469751152179
448,34.22122240949283,109.79815052697656
449,32.80982588380155,109.01983215706224
450,35.25430364522526,109.88545772496362
451,37.75329923077868,109.2240362252773
452,32.85699758817895,108.97992604805363
453,36.538850496174476,110.21336800927139
454,33.91218683319777,109.63138437467812
455,33.21654136543899,108.96995992685349
456,34.89395436864699,109.72874580030015
457,32.53826138320806,109.7342528139561
458,33.70922412260624,109.83777891051719
459,32.06788649556268,109.8517845795524
460,39.945988963039184,109.6114749166189
461,35.09639530840082,109.89126549606914
462,33.23554946164998,109.99064126754838
463,35.49910407968912,109.63974586055677
464,34.66538380713489,109.20960591308695
465,34.37867881397615,110.2096534183379
466,36.454354683797476,109.2973903899911
467,36.80356173559738,109.9689618456093
468,33.57749276463103,109.42763634836201
469,33.461327065111014,110.41179107417402
470,34.21361540747482,110.3506477882835
471,29.15012554998628,109.06145503297337
472,31.12400902429968,110.06261356251393
473,38.33966317319402,109.2018118245566
474,39.04887396776746,110.55299006715468
475,34.331377346075755,110.90669295814841
476,36.41645283830255,109.99274663129236
477,35.77789903017834,110.21817912957498
478,42.725344416846895,109.74754292379137
479,37.85913453979495,109.91261425198034
480,34.77617006118657,110.24257685297702
481,32.74661262168826,109.35736779221057
482,31.162596667088486,110.71550450748678
483,35.734380664464666,110.19179109555138
484,33.385620612775924,109.95108639613902
485,31.775407451118486,109.70766286153187
486,33.77291878568378,110.02049145049281
487,32.747547079227395,109.3485049226689
488,39.73508102262871,109.31072357890481
489,37.79086201454632,110.27755477571237
490,35.64006980732368,109.59346120859861
491,39.43677611210308,109.41130068131619
492,36.01089415780988,110.27723653595113
493,33.748426762860596,109.8490766683733
494,39.79717590233895,110.8534219170191
495,37.42788751960584,110.58731483046908
496,33.5822111168831,109.51504056701545
497,35.797605928733525,110.31350846315945
498,34.18588535424576,110.84095915576786
499,33.022698132219084,109.0981518189441
500,38.903127508101456,109.40116362361135
501,41.47235854861769,110.15012012375102
502,33.31660178429003,111.86595113360322
503,38.337637391631034,109.89008202876776
504,35.42370672897521,110.5325932555243
505,35.955415498779345,111.0771268135474
506,35.81788492757585,110.29864585345484
507,35.26716303925751,110.25295196636867
508,37.67924475024794,109.62964808807185
509,35.613794345168586,109.33990746021698
510,38.502863473958556,110.46736190210727
511,37.838892271237995,111.00469546000852
512,37.506986573938974,110.4012449933555
513,35.977305588401094,109.76774017851535
514,36.94801666291995,110.50946126644588
515,40.42390632140389,109.95704044888517
516,39.934836036305335,109.78578247951603
517,36.387277677827754,110.34512300966394
518,39.229501563200685,110.02986421230858
519,41.01089844621114,109.60380731631594
520,35.11130297132424,110.25258376663363
521,40.79659725293952,109.68437909439945
522,37.935881057499174,110.65829162705222
523,41.173910746299036,109.48233454157413
524,37.994835591018656,109.76479241604852
525,35.54680844603839,110.37020356974602
526,36.14651298810139,109.18042657327968
527,40.49212588130312,110.15675031874031
528,41.17781681308324,110.08603308040536
529,38.42423208069272,110.2451916868884
530,42.437797380824634,109.18839782849388
531,36.84345185076343,110.66761302499395
532,40.98749552597972,110.9202366259499
533,38.2799694029987,108.97558522544423
534,39.83197172768258,110.74148697200417
535,41.733214239669564,109.67102762210564
536,39.6158105099504,110.30106964170052
537,40.95642079317884,110.86909953793575
538,44.58321675814864,109.20437138835078
539,40.773511052017774,110.15616830394973
540,44.45168120516508,109.42570945106297
541,39.683223397297226,109.97080858905773
542,43.975247260161545,109.54490279917997
543,46.39599080171815,109.44546011343901
544,36.75225844032651,110.62114960083426
545,41.076284373601666,109.44229348388455
546,44.64609507824333,109.60998563935586
547,42.82832282916359,109.13021286818088
548,44.39384461203888,109.3976255767511
549,42.083478602506084,110.04160660222175
550,43.9346948154182,110.10609252328364
551,43.45102565600853,109.83700693380437
552,46.878797877854176,110.8042766310742
553,44.71155395139164,110.49783945072751
554,45.03261602976009,109.31104202674842
555,43.26888999819387,110.92275915104753
556,43.186326424759535,109.44949830739144
557,43.42741767468542,110.16289718649539
558,45.59505542864691,110.2043535298403
559,43.65314996598598,109.20411672301336
560,45.52324627157168,110.70175399545667
561,50.0769630332129,109.97391383011168
562,47.15232518330922,110.3085528536107
563,44.241858521324914,109.96268538980041
564,48.138663266703446,109.79955366141203
565,44.19041860674887,109.38820139678474
566,40.18650672675295,109.8953874452583
567,42.829015476850074,109.77828384269999
568,40.73584129817876,110.4956283028649
569,44.593783196539164,109.03605373955679
570,45.57449875747471,110.8288724472143
571,49.77156108348673,110.41382468314711
572,46.44592418435734,110.15809232919864
573,45.1251140701677,109.8593553198102
574,47.78676430324173,109.58567536861024
575,40.22193084743073,109.50090667506173
576,46.37147145639473,109.57054400653355
577,47.73842936569244,110.89234769320156
578,42.13982049632449,110.14364270032122
579,48.71690718460191,110.28320136255157
580,46.72124788258716,110.44560945101583
581,44.85055799116192,109.25740254660361
582,47.4808314517724,110.53237450236004
583,51.5820826308088,110.02276270126856
584,46.362915661189504,109.87441170825238
585,46.52818250467765,111.41832349677162
586,44.7551513458198,109.17137323810773
587,43.77147117434371,110.43293750307569
588,47.96112476046423,110.87195639799262
589,43.731026238795216,110.41575117381896
590,46.03292637264827,111.03162674372437
591,44.639547443051185,109.54000604733
592,47.007811003227935,110.51575273218788
593,46.6182657470804,109.97275326924066
594,48.34888028366427,108.8481961062814
595,44.448176030177144,109.5861633355615
596,45.014082150354454,110.86617920208128
597,43.20488100365116,110.48792311204879
598,44.501651940735016,109.8321438989025
599,46.513913793826376,110.20403077674133
600,47.419205815340995,110.58091079631971
601,43.17530123613663,109.63265795929534
602,47.606735100787894,109.50475368201263
603,48.77196555690842,110.74680774844207
604,46.36487530851005,109.20652522595385
605,49.970085075639865,110.32835887842678
606,43.28894620403101,109.84702652386778
607,42.05574990339184,110.19672771449561
608,40.66332660556527,108.66841977635148
609,48.79188248343613,109.4891561394438
610,46.628366371436826,111.79115540156205
611,44.79334043159368,109.81188218829656
612,45.571377204363436,110.28961273232552
613,41.99632532444185,110.3641103559294
614,50.86259474523361,109.32146693880445
615,45.009145407766376,109.44417132201107
616,44.89730445796286,109.44878809310835
617,46.37594310166426,109.82294605145725
618,45.70187939017621,110.55107266636544
619,44.99715326804603,110.0329604665999
620,42.39973713060604,109.2448970535948
621,45.493602862233324,109.81491032692651
622,48.95966528448004,110.25977589521642
623,47.558623432435134,109.66113559749743
624,48.11943910348917,111.25306566372196
625,42.800894008844615,108.87204536891657
626,41.548573335829786,110.23376850642254
627,43.653090294035685,110.32077745167346
628,44.053288855390825,110.00202530395829
629,46.59744596712924,110.5545620837227
630,39.58049058501866,110.05141229684202
631,47.58702789088856,110.15323025340459
632,43.32156539845851,109.75513949650387
633,42.604864289610106,110.3906817450942
634,41.09944958455228,109.85922765802555
635,39.4524842922313,109.13084515121987
636,45.609846964433686,109.96987722977495
637,43.69999313455681,109.3328197845355
638,40.259157725517376,110.59811526407948
639,40.21640635827233,111.05517229051708
640,42.58746043604894,110.23349551740075
641,47.57516090073047,110.73414132945118
642,42.732266327675646,109.62459362750228
643,39.60506053749757,109.8782116175626
644,42.73334801689795,109.96188525523078
645,42.653873965234084,109.72561900694792
646,36.584703734072555,110.03481364088503
647,43.18574743034675,108.65186639960923
648,42.742101589355435,110.12677021536769
649,45.06135408403175,109.70485853149627
650,47.94812902372151,110.37182686757968
651,46.15060122460926,109.28620000454578
652,42.67401034367983,109.88928478540649
653,40.595593933112006,108.67666036574056
654,49.81465302937833,110.76492502476724
655,43.55234283044399,109.31738859774511
656,43.46588705586939,109.99608721086233
657,43.40126268396615,110.40100429323086
658,43.99105917627674,110.04919733384814
659,43.17298935956305,110.87349339328806
660,42.14155580458524,110.47343401242532
661,42.25416241537077,110.8462754871221
662,43.5888003711861,109.48334725389586
663,42.36526167119345,110.41874196352342
664,41.99860204732796,109.71230421956045
665,44.10741956292783,110.27791087716055
666,43.268239933215135,110.18678520406573
667,47.73368803962465,110.64292589134094
668,37.417954603719544,110.56478634846049
669,46.84943341653953,110.23875622996809
670,47.31473800714547,109.86917246276458
671,39.09843311776981,109.60874666684417
672,43.511047121281756,109.52914285512338
673,43.52843939493534,109.15665978849282
674,41.03089571422233,110.54136630427199
675,42.701060110362455,110.91157035418506
676,41.96831387075482,110.61834835137444
677,49.227733141984714,110.51271513623998
678,47.29163149705894,110.5341485005019
679,48.23969572091447,110.33195073199087
680,46.97626978014888,109.46295809463403
681,42.46356240530874,109.43099119746547
682,44.09172171046871,109.17971731612386
683,46.74592186556091,109.2604860111389
684,42.58916236751605,110.3753785601876
685,47.5514052407988,110.34921594025083
686,45.29484814218873,109.67669488628435
687,45.087578611350956,108.82242458499645
688,47.933104501900836,109.06111833718276
689,47.39942746452211,109.84193107035065
690,45.521292126110595,109.81877270030608
691,49.458724803172466,110.43912242257298
692,43.99606748184366,110.18969357430967
693,48.378399288110074,109.07865672607574
694,48.462531078309226,110.36748127640816
695,46.348385096915585,109.85355171579548
696,48.08118335855866,109.91930192935897
697,44.282662067688136,110.85882006909871
698,49.86597228437157,109.21266848394116
699,47.23983840958024,110.79735999172125
700,46.54207127553495,110.65458825511158
701,50.6186479863689,110.61422572766419
702,46.38283712025272,110.62705308445085
703,44.77030369873214,110.01434182597097
704,44.547697306312536,110.93804801529926
705,50.10202454071317,110.91942063480687
706,45.53343528868279,109.16041629511884
707,53.26864640491412,108.73998409540903
708,43.82349706725608,110.5311388897934
709,53.415493157038874,110.07412861757335
710,49.84716496486412,109.69655197744284
711,49.22221130301621,110.88899804147756
712,48.24504027669005,110.0022174031087
713,50.747361970671214,110.80488554931853
714,49.79632847729422,109.70881649877929
715,52.78814501019713,111.0110085672251
716,50.45338943964882,109.47211138789876
717,50.679835006888695,109.68141746131282
718,49.529518034328355,110.20540270069377
719,50.42873977660561,110.51238558593134
720,51.4711328542451,110.27797311807086
721,46.55458592034118,110.3348837087111
722,47.58566291980843,109.82203552455812
723,52.93803743995179,109.30939154982829
724,51.628315705014366,109.87731726740833
725,50.859888967973845,110.94381183512891
726,51.48194698811466,109.90949737305998
727,52.418053628072634,109.72900431430422
728,50.310065937172055,109.54503075866745
729,49.8211074691565,110.37362673434016
730,52.36083846497683,109.51741054420401
731,49.52651868741238,109.6210533625008
732,53.091098381233195,110.49220640756748
733,47.90873923203963,110.27284454728468
734,54.82946444330332,109.88212004994314
735,53.52602520910798,109.55205299207586
736,53.06907903396004,109.07082902068176
737,54.96666477779462,109.8290747039782
738,56.75096231604463,109.85510153247753
739,55.19689789190125,110.28766491085163
740,48.12879727315837,109.61014086389103
741,49.59832476067102,109.37477335265415
742,51.29774456578979,109.78884720931009
743,52.98375201786653,109.22233000145006
744,54.26758969786873,110.10885597206838
745,51.21016437360005,109.66554616813501
746,53.53867105344821,109.44398101469162
747,51.22666485071515,109.49094281948551
748,51.62582771532688,108.92848010483954
749,49.673600600221484,110.18066440351504
750,50.9139363807951,111.61582019838829
751,49.870718000247116,109.39756724189479
752,50.83431395805685,108.93425219992012
753,55.92834525555767,109.50016636579954
754,50.93718667438464,109.67027583524268
755,59.9043098039356,109.61866529515736
756,54.565580663089364,109.80725434032925
757,53.79960563829344,110.48849105727096
758,51.193190738167736,110.22123988839051
759,55.087817093310925,108.84339645239264
760,51.892343840347756,110.5070947827106
761,53.62735370468511,109.15688609191785
762,59.70998638915358,111.02246330975329
763,53.05369098455529,109.96279759438038
764,56.14777851356876,109.78009578777917
765,51.49417050030039,109.44532040712227
766,53.1389958069152,109.83560415090241
767,57.6247443780149,109.82009708223507
768,51.59860624085411,110.97557534921724
769,57.66252053778662,109.90457287375997
770,54.86334087274366,109.09001447034753
771,51.647638626730675,109.29933226923924
772,54.59205150678665,109.34161848342029
773,55.397129640807215,109.49764254137018
774,54.47257040377174,109.67652637811061
775,48.94248518231515,110.50000034706818
776,50.99801678768621,110.13232485620831
777,52.1428016422083,109.69208218129197
778,52.519296010243096,109.86168522489184
779,54.19900355920457,110.11646457857202
780,53.03180375332093,110.29032599071283
781,49.18782645131922,110.40881570626577
782,53.413852169475014,109.81531491731667
783,53.92565394774128,109.46799144662992
784,53.733289001346044,110.73738830149344
785,54.96931014129588,110.27503202213089
786,54.28476352496485,109.64922936160568
787,53.27969588285991,109.4541899498109
788,51.88744104036642,109.59933226611867
789,47.84101987249287,109.88760258895617
790,52.997627699122155,108.72757990841896
791,52.372690643168205,110.27461195163212
792,52.462173685197115,109.70016189430902
793,48.52111289528199,110.83300266692507
794,48.94023992922655,110.22979339084456
795,54.2059359591233,108.72166011211569
796,51.40475008048651,110.12923790327378
797,53.13852085829382,112.3557426238618
798,51.4373778822142,111.03481798985666
799,51.3736005404375,110.1723973426418
800,53.578496032805205,109.74545819996118
801,49.87733049237339,110.19770524134381
802,51.34360948317068,110.45034750051306
803,49.884822349514565,109.32195839657578
804,49.892937447501254,110.75428953011755
805,50.146504259010165,110.21507217092577
806,51.41673726929784,110.45475310995417
807,49.60833165902267,111.10916529997785
808,53.89034399191786,110.40119288285474
809,48.46225143194068,110.7775230691178
810,50.18158489844218,110.44700318772637
811,49.50171893403228,109.9614870937349
812,54.1731690790177,110.15134423785601
813,51.00428817739392,110.12882790990231
814,53.052289155945424,110.59126981136913
815,46.72125040594163,109.72667628438568
816,51.068041260823435,110.57318033494265
817,52.592637725235896,110.88360240545059
818,50.545383162732406,109.8622708067838
819,52.97753648954077,109.76451733636348
820,48.9979053529693,109.72010277246308
821,53.79498918323523,109.88569813640132
822,56.0026336528295,109.3113851661106
823,49.335399612624215,108.20531841745957
824,49.11924923134973,109.02171605377092
825,53.860435653053074,110.46644441165871
826,54.17338624485668,110.91260373629562
827,48.91834828820495,111.04841791874934
828,49.17967881257848,109.85806682766864
829,49.53397617639439,109.33622389255302
830,46.88928223035979,109.63484616605618
831,47.969458297230204,109.36606541434385
832,47.77514984777036,109.8446873597781
833,48.38917568617426,109.6577891801518
834,50.248894897107434,110.16203441503485
835,50.95186173746669,109.95881957234872
836,54.27707992299945,111.19236559953849
837,47.94323421020165,110.0634522747629
838,52.94199872809015,109.49221041352055
839,49.992067928238036,110.11988626023123
840,50.45298818410247,110.76341210006406
841,52.317045100896976,110.17323419769501
842,47.88025828053666,109.42397222283232
843,51.703844483043845,110.05602342456599
844,51.22836425252799,111.44700600534705
845,52.11139463654205,110.36127099223549
846,51.67479759466804,109.8726746180593
847,57.16526562961799,110.04648831111132
848,49.51128287238254,109.25494365471103
849,49.860180243286734,109.90684457070515
850,49.71522292971581,109.4837689935323
851,49.97308011600041,111.13261259440411
852,49.86023179881409,109.19871105854007
853,54.521322499070315,109.07161760663698
854,55.1982009399825,109.71732520890927
855,50.32123009831309,110.79547798852532
856,49.771273675761705,109.1617290889322
857,53.13759067595108,110.62302731061159
858,50.68811324051722,108.30070664113366
859,53.763253310473196,110.33104447994656
860,52.803018632822386,109.72210318274875
861,48.62356977781534,110.69234044055345
862,56.401237843729795,109.76688753489019
863,57.143930694506594,110.26953123277102
864,51.246131583214236,110.0206646070235
865,51.93470683040887,109.6050509525997
866,53.74635516085565,109.41062357944719
867,53.9973186179013,110.26812350048162
868,54.93865447554339,110.10227826259795
869,58.45043054091076,109.87603323218237
870,53.116558860122424,110.09418377658106
871,51.698446161622,110.13452984257448
872,50.38227878275627,108.77003523285352
873,52.140633711941845,109.79824715679136
874,54.023385545205905,110.71834815418714
875,58.73157068834528,109.57433539854347
876,53.090715423317505,109.52974788732534
877,55.08424067717446,109.48593674370393
878,54.62406443383816,110.12263341896178
879,57.7766432848323,109.76259157294623
880,61.26358066008322,109.8002837573705
881,53.7595816274176,109.68240073253098
882,54.00343685266773,110.19295592680355
883,57.97736118644243,110.01104097847006
884,57.21111699856742,110.41563365307012
885,60.26195630895346,110.86445145135033
886,57.243044066583955,110.97911413945347
887,55.022131250029815,111.0908371535347
888,57.53310616689548,110.33182405151142
889,58.96317413550327,109.85088282915532
890,58.37627538727571,110.08421592190882
891,57.72549019427526,109.3296881229758
892,59.25468099390518,110.18599938989934
893,59.64025183480018,110.7313824738762
894,60.299635908287456,110.0861527619031
895,58.59132549287669,110.36818963695517
896,56.675036868857255,110.25176598321447
897,57.580751259057884,110.76767895899465
898,60.34911552596411,110.35012658180713
899,55.407011342565525,110.34791437117708
900,58.485065770843434,110.51333339541243
901,56.69148835009006,110.64236633598752
902,57.85547080237518,110.21685039036386
903,61.08573519688799,110.34343418670541
904,58.47047988115695,108.8781101962807
905,58.208990186099165,109.83011666195374
906,54.790378789198016,109.27431383874871
907,60.14964473048504,110.1508841653643
908,59.98850586048946,109.54652509990498
909,63.870435341397105,110.99324426785297
910,57.77700435847672,109.63269984970711
911,59.17505944769294,109.78518237215181
912,59.32789708616579,110.4437918910348
913,62.72178857783081,110.46726545359863
914,58.61004445456834,109.7531041132627
915,59.612327097417335,109.9774576130123
916,60.49732292387219,110.64982438795693
917,59.50319212182727,110.26580127826843
918,57.97591786803698,109.38730252546382
919,59.6287747752224,109.83941534546072
920,61.875367507688054,108.7236635477891
921,56.668908642670374,109.63830760652962
922,59.60768505820766,110.28202651242093
923,57.5611677042199,109.57269568149438
924,62.33143460474334,109.46201466361087
925,55.564337896991766,109.77847567973153
926,57.99963079573686,109.77510676602692
927,60.36074765161734,109.02123451072343
928,63.34847691099065,110.06564508309978
929,59.283425256272665,110.187910684319
930,58.06914505390673,110.27354251710243
931,64.16561688026418,109.58323977850212
932,55.844540403581526,108.94890271594898
933,53.96571977211926,110.09483209395208
934,60.55728147129321,109.75041984323158
935,58.1930188624738,110.36494771501098
936,56.88243162242253,110.46561674830609
937,61.19027044283883,109.54853885758818
938,60.00931384961659,109.69915871186862
939,57.96668030775348,110.30937685306637
940,56.14988203457976,110.31328552756037
941,61.50232723694705,109.80152646540347
942,60.91407996458326,110.79834494242343
943,59.00496413253291,110.53621861363347
944,63.830842040106546,111.09777212102965
945,56.497491452435604,110.4273932957481
946,55.31454503814238,109.62941499383979
947,57.35153941150975,108.87199397965534
948,58.91769283748859,108.87010987516484
949,59.58785438930014,110.26238791222337
950,58.3218691734436,110.2552669185105
951,59.74826610470801,110.76731948798803
952,55.680274040983775,109.59380291692489
953,62.35747046978572,110.49811508711757
954,58.47967600101848,110.2707351915911
955,61.413466834015466,109.29317547957417
956,59.410514220716486,110.91394317302735
957,59.627481889230225,111.06907934526264
958,59.840465476422,109.6853311182424
959,59.464445424562854,110.43288759425441
960,59.87991549546453,110.4544970896025
961,61.522863300448506,110.4171217400504
962,58.61722938221088,109.40727599545956
963,59.82358487510519,110.749771343178
964,57.75122421696132,109.97658828837348
965,61.49981861908935,108.78451527613318
966,56.13211694466428,111.14685145228384
967,62.248767182571186,110.11368789273264
968,57.569222475356604,109.24704639919862
969,54.01590037594621,110.56274932250639
970,57.83647608388808,111.72104183340007
971,55.73725532079216,110.63523711793033
972,59.46559120775699,110.463152092902
973,55.657084071908265,109.56010628173401
974,56.09854553532326,108.88525912916103
975,52.416344468243935,110.17889507959431
976,55.93658731558361,110.6348709950523
977,50.93590754492893,110.08885365187896
978,52.965327328775196,109.57266754181057
979,58.75695357462115,110.86180124342359
980,58.75273037161354,110.02760164835196
981,57.78579195663198,110.70365410716046
982,54.240353261026904,111.16473046187825
983,56.47600849212466,109.77319526058906
984,56.52573930393369,110.38789372263547
985,53.58037346295801,109.47622334572777
986,60.178513803277355,110.43268121752735
987,58.55945969088221,110.81326568066329
988,55.76208924272655,110.08057789834868
989,56.33267341402509,110.33243466266954
990,56.73998878350868,110.01801888749844
991,51.070978353424756,110.52587338730176
992,55.516460149382986,110.9020518970574
993,54.391425275368405,109.87299981084129
994,53.55729852383274,109.82717667564675
995,55.32662314522984,108.50731480607895
996,60.49475656340687,110.20281408866103
997,57.577029124808554,109.35481256417046
998,54.52464175314228,109.43269587203436
999,57.36506490970164,110.68238872541883
1000,59.41642837541343,109.43724465407816
1001,58.2175261494321,109.38454838981583
1002,56.04644311987843,110.63682257892388
1003,54.27502182790363,110.2169966367482
1004,57.6365335906982,109.99981179643294
1005,56.87695424357455,110.26968434769938
1006,58.137177522293904,109.39114430408848
1007,57.496795422334316,110.24986762286088
1008,58.54616165812583,109.41061785177361
1009,54.601368236228616,111.39202443321035
1010,59.25389536626993,109.4575590261584
1011,56.479150931993644,110.15478558873271
1012,61.20183896831426,110.28510064789722
1013,54.32304574512371,109.64643700892641
1014,60.42204254839843,110.50085079579493
1015,56.616807731633955,109.07256212798556
1016,54.53714935284151,110.34444273253641
1017,55.003390252406426,109.19472335090893
1018,55.46337014038209,109.91061841413962
1019,57.379481369682296,111.07781649375617
1020,57.68464450530187,109.85439123391278
1021,55.00541820484392,110.73800034363148
1022,56.44447460920739,110.97708113286339
1023,61.93026299804322,110.9543492435707
1024,60.96615231911866,109.91780270633453
1025,57.81423580492423,109.79545527359235
1026,56.89793176286879,110.04629389773064
1027,57.185796945123535,109.90062115380942
1028,58.50553892159397,108.72275954335112
1029,54.503944255677126,109.41216726516991
1030,56.50974477266786,108.98759339173357
1031,53.07698363214229,109.18673149813263
1032,58.34467119865948,111.17195548251594
1033,59.06559555922416,110.10665006376082
1034,56.343361842251255,110.07863911172952
1035,61.592650870422254,109.28282374184046
1036,54.70215975211634,111.08431798618273
1037,54.2169576751116,109.38558284546818
1038,58.55267030166221,109.42127732305389
1039,60.725148195083804,109.56303667855603
1040,62.435187178437126,110.71432915660615
1041,57.198111933174964,110.61619175799184
1042,61.16385116857722,109.66163150716505
1043,58.494456557803595,110.04688583778179
1044,58.284368303708455,110.08343623919205
1045,61.05180129962085,109.5183053336295
1046,60.60155357916721,109.9546006374045
1047,55.15911308780494,109.1684072345606
1048,62.92191413020728,110.89346786499698
1049,62.81225313274596,109.75736154608963
1050,57.93043893414899,110.3418562143192
1051,60.61690150889894,109.94069287925642
1052,60.996106807763546,108.48065234886819
1053,60.5468109414354,110.07570674219718
1054,58.65377956244009,111.22811731743174
1055,58.4850844518466,109.75815440656098
1056,60.234906118010926,109.50076321709008
1057,63.36517366103248,109.91178474594149
1058,61.92668617880242,110.12468150441198
1059,59.77512322018832,109.68069886212369
1060,62.764381802415706,109.95366737286618
1061,53.846621900913185,110.25092345353278
1062,63.971969083319784,110.63836459253652
1063,56.88194615994426,110.83071922855635
1064,60.45527097373771,110.66079377464146
1065,58.69117708698036,110.80773545372165
1066,58.38133268274052,109.94125085213426
1067,64.64636582908972,110.53342227336793
1068,60.69975994906232,109.234217350077
1069,62.858313950717346,110.17562928928511
1070,61.99599898980093,109.631526460995
1071,63.425233537421065,110.95317615682616
1072,62.541984420474485,109.31539489414835
1073,59.257599450484555,109.51702011148846
1074,65.06863707702172,109.75183060062221
1075,61.4540987363661,109.24691877681596
1076,58.90507919522343,109.66363541789161
1077,61.831709922293186,111.231783214701
1078,66.75668112500331,109.774219565045
1079,65.23034295390451,109.29700739160947
1080,62.330295028410845,111.13837321686387
1081,62.42295799670547,110.61411838651121
1082,62.58314569841599,109.19796473667444
1083,68.66710642546464,110.07915678006317
1084,64.51487215503757,109.86880803353898
1085,64.71665451587955,109.95147290128072
1086,66.29542576538223,109.36363696016204
1087,64.3914408975569,109.22924944058002
1088,63.218136239524824,108.73661183489581
1089,63.44260631409325,110.83180963835771
1090,63.81863031376806,108.43811774730362
1091,63.96509559034464,109.9614895032267
1092,65.93406455307945,109.69086896371505
1093,64.29797796673513,110.39895629738105
1094,66.04908500519417,109.04144049824274
1095,64.06128462587358,109.87192593238974
1096,64.5014505062232,109.6788099724594
1097,59.34732276514486,111.16109242403614
1098,66.66776624285777,109.97114689560154
1099,65.27344146025237,109.78599611949208
1100,66.92866426769555,109.62361193242921
1101,57.21556453032669,110.03071874112865
1102,69.69585361194082,109.17652067126954
1103,64.14081604961156,109.96339761688677
1104,67.27129419325507,109.6798398161365
1105,61.90831233484935,109.47393573127289
1106,66.04346891326324,108.95141809410305
1107,61.8776980519706,110.28525840951598
1108,62.947796744582256,110.25463636271661
1109,69.28459736862405,108.66990869638757
1110,64.01147340456305,108.50403750780195
1111,65.01683013532055,110.97749981894057
1112,66.62994603114228,109.29567202135462
1113,65.67202694318726,111.24074380289814
1114,64.78349273815087,109.36921405301639
1115,65.29111426117261,111.11462140612264
1116,70.35522956480408,109.25656837848402
1117,64.16740871830044,110.95666543504952
1118,64.77583245704328,109.51255859063755
1119,66.85829570066525,109.9037839513731
1120,66.95108073419226,110.8706008628788
1121,67.1075685071646,109.35357435380915
1122,65.68675875559705,110.18787928400789
1123,61.17967147463028,110.87992451556717
1124,68.0654231190787,109.97850465277612
1125,61.05815445789769,109.05928434478072
1126,64.62039965576058,111.50693393095065
1127,61.915643099817245,109.98063163337032
1128,63.576349411153956,110.0738469209937
1129,64.49191953503707,109.22047018193251
1130,64.40479788799175,109.54594161379045
1131,64.58579103460723,110.71675533230824
1132,67.4931667007331,110.03099658611065
1133,64.5190629732237,110.64459080762934
1134,62.699739822337,110.54241053285679
1135,65.64394700339075,110.78719024314437
1136,66.12982606981451,110.11643116616352
1137,60.00850524423872,110.17217351258103
1138,64.49148643618801,109.61703036408291
1139,64.67059964623738,109.36025904086047
1140,62.09279507400547,110.79880343719304
1141,66.19449667198371,109.26626298826666
1142,62.298242108296506,109.22389542487754
1143,62.90523558609737,109.44912380995005
1144,62.07642678427915,109.76226219313894
1145,62.46590104322595,110.3624725337531
1146,59.60428456346891,109.11233346611617
1147,58.66317204383471,110.68786452224043
1148,66.1683328989526,110.6042800018839
1149,59.98401718785283,109.86351424402795
1150,59.54300386211602,109.56853432913049
1151,56.55892107475482,110.00040969137449
1152,60.26688352905097,109.52546037099947
1153,58.47956605651825,110.64919088554997
1154,65.81657191801214,109.75087173925684
1155,64.1616891706064,110.06682356110403
1156,59.84387830099573,110.23749186865756
1157,67.12407107427914,110.4407825272756
1158,63.8778646482402,109.82950694124273
1159,60.543703850743384,110.53678831254432
1160,55.04157903645972,110.21088794021132
1161,66.95385547152678,110.02816094123622
1162,57.691180652451195,109.43126436963861
1163,56.992544305269085,110.45841786894371
1164,63.60581970189568,109.62034698206898
1165,67.09465357977193,109.61942849138636
1166,64.40446018520994,110.44651142618902
1167,62.30477990265351,110.16009103777724
1168,62.33593855661922,110.22203666916137
1169,62.93954345670654,110.27468336595547
1170,62.6632700289053,109.89045861537228
1171,61.431945275947314,109.97899543399626
1172,60.95563987883528,109.33157212990281
1173,60.50805096331548,110.1276438655146
1174,58.75231510703656,109.74132465825494
1175,59.911593448007764,110.3304785433642
1176,56.360366741573124,109.50460779031872
1177,60.32986733408401,110.2184841776328
1178,58.09072868311117,108.74811340497735
1179,57.79330353329844,111.32751862363834
1180,60.99570620421206,109.56315374128681
1181,64.02333281053156,110.18742692627994
1182,62.84017108533224,109.24527910645466
1183,56.62290593520933,110.35425323675088
1184,58.08361478085095,110.20321239075301
1185,62.921910163835456,110.52338922801707
1186,58.129844923475076,110.49209491205329
1187,60.044355775948524,110.04372445880931
1188,62.004743188017,109.90985420672105
1189,58.23622527550944,109.94976922409047
1190,60.95179309068582,109.76388208641816
1191,57.388343325881024,110.73752887057823
1192,59.25881104044405,109.48967883275178
1193,61.60425910402313,110.1588651865868
1194,56.86862094878833,109.90897133985366
1195,62.00229111479881,110.50368110271104
1196,60.90567306115536,110.63442098322693
1197,62.39328165556972,109.81094796128353
1198,61.63271420161727,110.19956450619452
1199,64.54768728471802,109.86636757953404
1200,61.51828787458199,110.87157004729171
1201,60.203029581145756,109.49784757772223
1202,61.656969355131714,110.18456760091352
1203,62.78745279582951,110.81132160732028
1204,61.63257035948589,110.02366822894444
1205,61.69626842649824,109.2105105101435
1206,59.92725770893287,108.7204426243071
1207,60.11542928087183,109.9051076933766
1208,58.35952430387568,111.38474975036966
1209,66.33615711235403,109.93619779848122
1210,58.951463767492875,111.02190356595082
1211,60.430397748638796,108.92817472078718
1212,60.470713816917886,110.34964254990432
1213,64.6105433139234,110.64186287299032
1214,61.74468139114147,108.61031368221867
1215,65.71244748480112,109.50308223622086
1216,61.022503780270924,110.08703824757563
1217,63.518840213646726,109.92676572072723
1218,60.84998061341969,109.90438266071246
1219,68.4199636013399,109.1911717328359
1220,60.208464228774396,110.31276794300828
1221,64.07388426018719,110.10083588358009
1222,65.00702341474793,109.8910981027186
1223,64.5815762210209,110.10708599833123
1224,63.20947552521287,109.11552072077474
1225,63.474746981541195,110.19746406722608
1226,64.03628697389784,109.73106523021991
1227,63.687434875302955,108.81864611455035
1228,66.59340684373726,111.22524562408624
1229,69.83923809801193,109.98663261248977
1230,63.04873921750266,109.99334479763084
1231,61.14767959867226,110.49396794940662
1232,64.48124405177978,110.0105679511602
1233,71.28089178718571,110.78210475916086
1234,62.951871913135214,109.66824749757961
1235,69.1879245910674,109.70145749696887
1236,69.41295738053627,109.54417812951183
1237,63.962670809157956,110.28292542825092
1238,66.89626403647175,109.26293370124054
1239,69.6710581868106,109.94835818432547
1240,64.77747056269006,109.80398227208818
1241,65.34039421779275,109.29665974793802
1242,64.51790033177183,109.66966884097491
1243,63.55654258649912,109.46885078832547
1244,64.59002043401921,110.78196682238963
1245,63.27146733655433,109.75255170907012
1246,66.53283204676765,109.85560089528187
1247,64.63707744151253,109.8046333687109
1248,67.25882673143344,110.12725601184451
1249,62.894823643129385,109.39047270380601
1250,67.71970131521202,109.03983733729777
1251,69.08188893404456,110.09567750408247
1252,62.11681468218189,110.30816867853866
1253,68.13680070865081,108.81889747193716
1254,70.36865553240631,110.48647918735503
1255,64.37042596726604,110.25211492573699
1256,71.6681335753279,110.058602226049
1257,68.623463424051,108.92413612847925
1258,65.89955306339967,109.92576263223509
1259,67.60569848638418,109.28958166506646
1260,69.22077073957814,110.16157685154845
1261,68.09151919698196,110.10950061835953
1262,69.32159827675382,110.70303074882969
1263,65.74281178275754,110.29253617825204
1264,68.53420908813467,110.28854485564933
1265,64.63929914375832,109.6830217720022
1266,67.95471346345295,109.14621504484299
1267,66.0285699356946,109.76146534070497
1268,66.50139871834816,110.22786058162454
1269,71.47862673973688,109.81381537676906
1270,71.16109130631295,109.57412660465988
1271,69.99630652059767,109.1769541224419
1272,65.77952335102249,110.49693781411078
1273,67.75230765139902,109.72223629278484
1274,71.60526148668859,109.14010891128517
1275,68.95215327021366,110.2961929085859
1276,74.41767908664183,109.33570590991853
1277,69.6202946788543,109.9092204678605
1278,69.13092327917954,110.35480954505503
1279,67.88797514232377,109.88276578929379
1280,69.00076449040078,109.5263968965682
1281,68.28808321864534,109.87063425285919
1282,70.4380990992577,109.5629230269918
1283,71.05440596091951,110.99217036109538
1284,66.68878633746569,110.59767092894668
1285,65.3131130830815,110.09465686357626
1286,64.0344864268163,109.11384504348086
1287,69.87519934048716,110.71513960064814
1288,65.82349483886199,110.14580283323264
1289,63.17290123985398,109.88223160916723
1290,69.49637790820151,110.10532173774716
1291,74.72388676400435,109.46580929118808
1292,68.43938999497425,110.32177454571031
1293,70.51077022385977,109.90272561471208
1294,68.57596744455118,110.50976719310972
1295,68.07797741413701,110.34954279128529
1296,70.573742835293,108.85519871772601
1297,67.4983475150419,110.60097909512514
1298,68.83772228825806,110.42632946137867
1299,68.9160157477418,110.22778378903158
1300,66.38149703617717,109.92196382386783
1301,70.46930655614536,109.43446519652487
1302,67.48691086777735,109.80678310730477
1303,65.96779848469096,109.15591099430148
1304,69.12914099515403,109.55793791843142
1305,65.47037035312228,110.13112042544657
1306,67.71375364141173,109.4930351368439
1307,67.54547022706427,109.94489314139902
1308,70.2063024033189,110.3289917765327
1309,68.60005801136356,109.9643508912365
1310,67.27107345737227,110.13454084672118
1311,69.29709260848882,109.03305958453831
1312,70.64606903590597,109.79816783275332
1313,68.48191769768171,110.27749017444012
1314,67.02921617060422,110.10335263184662
1315,63.63892122260663,110.9168188156327
1316,64.17027384113707,110.4565079925869
1317,65.98404674120019,110.23298720325407
1318,65.13701870590518,109.20033356151221
1319,66.1068381967369,109.53645875074625
1320,66.62927162659808,110.73813330539048
1321,67.72530884292559,108.56581737951834
1322,66.13844650977565,110.54808423921044
1323,67.44488672354996,110.25691174868635
1324,66.30421633666633,109.23258155826812
1325,61.119355347649154,109.49943091397923
1326,63.62540298650907,110.3423043250127
1327,65.5301040405872,109.63316885156682
1328,62.7836616626714,109.85629884678696
1329,67.22642114867864,110.11184970184642
1330,69.47343204157673,111.13426441109347
1331,68.61479805001015,110.46130380558134
1332,64.9571337240324,110.21786937664672
1333,69.14203698883712,108.8662104247423
1334,65.71312643233055,110.77438667655353
1335,64.42685426643845,109.33863815572649
1336,63.666166647321354,110.05201861964863
1337,64.37571078360783,110.11494643771645
1338,64.09587438699565,110.86838341963508
1339,65.42911746128335,109.37020670065404
1340,65.34370766814229,110.98436873809297
1341,64.89162207950504,109.32590358005623
1342,65.92072516978544,108.75074077808661
1343,67.75210305727308,109.67107982109994
1344,67.0993082318655,109.53523101798885
1345,60.96603074765506,109.71724175557848
1346,58.249328465189116,110.45065967270439
1347,66.92887131987763,110.0170745487099
1348,61.1379774259858,109.80782131727801
1349,63.95859941222491,110.21638873486148
1350,61.56387477975108,109.98127790663655
1351,59.95622168607735,110.28357820750604
1352,65.7902770395964,110.3555403643084
1353,66.31344415437842,109.62206926858171
1354,62.95675699603681,110.37999609564274
1355,57.90649229186072,109.15666216768622
1356,63.00818317213179,110.11920800572844
1357,65.34667012983631,109.65252553421855
1358,60.6669501698436,110.41770079829557
1359,64.82342986659155,109.94714525358256
1360,64.33131247994302,109.14579041786965
1361,65.82614819019103,110.47015379887917
1362,64.68899240258364,109.80905748335442
1363,61.973290410136215,109.8441199155395
1364,67.41711670289433,110.48127707517087
1365,64.05289289419436,109.15026376652442
1366,64.40828295485503,108.29655280430875
1367,62.17449051655305,110.5740219118314
1368,63.43434470593534,109.86709204222872
1369,62.36918761230334,109.58666867445476
1370,64.19120297398736,110.45952696768836
1371,68.94891344847333,110.17978861270241
1372,61.289629901025464,109.75093982662197
1373,60.7388474443318,111.61839797154776
1374,68.50762923928669,110.2359842300032
1375,64.36688304173708,110.10875069756123
1376,63.281483028700166,110.11690540416208
1377,67.62132608482973,110.12381706279527
1378,63.57829048398055,110.26918145870872
1379,69.73141836635936,109.85779281799242
1380,66.9385033626582,110.16756070292992
1381,64.10436054236162,110.19111260287933
1382,70.800937622844,109.62027183506912
1383,63.979903377269835,110.17834656402808
1384,67.4388623500257,110.63239146270972
1385,66.4241085803504,109.57716293863346
1386,69.02521024663767,109.91305725255114
1387,69.77224479900195,110.06788427423182
1388,66.04861667876838,108.795525883553
1389,64.18762741533558,109.81662853335901
1390,67.32598796973281,109.58108019523337
1391,64.58886490971166,108.85301566960895
1392,71.42581499383039,109.86540861747314
1393,66.84486147916381,110.04788089043524
1394,65.70326064586602,109.76758282126832
1395,67.19305171295181,110.85230257236263
1396,63.47994440288493,110.13293508417452
1397,64.53663256957,109.38082685474333
1398,70.08598200430167,109.64606314612226
1399,65.56323502724793,110.04336737923057
1400,64.70983095889615,109.53269777430774
1401,68.7913610199137,110.53171471315088
1402,70.53746083135123,110.14587407510774
1403,69.49477205019689,110.81395003149679
1404,70.31227883824327,110.13910525528091
1405,66.05539000300807,109.53357710909246
1406,64.51838054103604,109.08172315415398
1407,71.95194591264656,109.77639464962881
1408,67.51765531083696,108.86599389729024
1409,67.82291742564243,109.37611608138387
1410,71.89589579592368,109.91761342052668
1411,70.0910251098715,110.12456201084038
1412,69.96470253368268,109.34268836669266
1413,74.36138017622304,111.07923501101078
1414,67.46319375552078,110.99372495123438
1415,71.51379505351592,110.0013727616861
1416,69.45789104296838,110.76313545316319
1417,70.1068295347435,109.76705416788708
1418,73.37520810352962,110.20277451693927
1419,70.94088433973667,110.00253791539649
1420,71.13273668636813,110.98301583936257
1421,72.58228587548285,110.18699171360286
1422,69.10085424829822,108.42156191790257
1423,68.02550820585577,109.94310546123148
1424,67.61976614452041,110.14611812251181
1425,65.42200013129022,110.67666815038034
1426,75.5822456125931,109.5518460289579
1427,67.78516761685987,109.86972135503228
1428,70.0890336323063,109.71355357628433
1429,70.046529013737,110.05050093811141
1430,71.60078925816975,110.2878962212201
1431,72.96254513684617,108.89818412973776
1432,73.16244194421634,110.47629108028629
1433,69.63865809403045,109.85216995849127
1434,70.76059279859427,109.57281606364465
1435,71.96376271529724,109.9036213282847
1436,70.71129354681216,109.42025220814804
1437,75.42381306128902,110.29490338834808
1438,72.7019641223054,110.18418864361175
1439,73.37738356767554,109.79427268306546
1440,73.25957857552561,109.69447198244052
1441,74.5947139032276,109.64905540794933
1442,72.1686526584036,110.21568547852827
1443,68.52545667844505,109.5703739382345
1444,72.8145197434525,109.96212619213325
1445,70.23095837981471,110.15813048717287
1446,70.57811370964039,108.54416475767887
1447,73.40209567730518,109.70247309679391
1448,75.06462509799242,109.06061118103665
1449,72.0510106978926,110.34270764373153
1450,72.79499699036332,109.34587495592034
1451,76.29969356951875,109.4181537682192
1452,72.66343550553017,109.6242108342902
1453,78.57931172369221,108.28722400225736
1454,73.49858977770306,109.32436762345337
1455,67.68879101837304,109.67717134490591
1456,73.97611979117191,108.88439793700397
1457,73.04393497432179,110.33500185392703
1458,75.30992431909232,109.71094041734392
1459,73.75925886140098,108.91768232446258
1460,71.71722242510516,110.50686462546902
1461,68.98600647540758,110.70710761387906
1462,71.50395996212396,110.31194128371725
1463,69.87640754271104,110.25182336501436
1464,70.52406787106824,110.0051336484946
1465,73.4160247472104,110.81334376142621
1466,76.08513823475428,110.30268995382981
1467,72.85951592381338,109.29232420129533
1468,68.84232158034915,109.7916186266253
1469,72.89953431931421,109.9530616045649
1470,74.73248937071162,110.53524055983904
1471,70.1663032541643,110.41921328811023
1472,71.30262042197606,109.07412906323428
1473,71.6184294532882,111.31773388529167
1474,69.56074507638694,109.96548934819673
1475,73.08230706211732,110.12640107912186
1476,71.09528428778229,109.34502489670454
1477,72.38007160051659,110.62126604985016
1478,69.04373973021721,110.85469749274817
1479,70.09780764382666,109.46733829307688
1480,72.92425606914918,109.82792345855704
1481,70.11105035561576,109.82494482064487
1482,75.28347247807706,110.29613612260057
1483,69.88812122464775,108.80268093172896
1484,71.36841398481673,110.55764599087449
1485,73.05613588421227,109.68576121833715
1486,67.09529369989586,109.3521582072345
1487,66.15445603560414,109.93923156877908
1488,66.65645793737396,109.42004726540881
1489,73.54016152653551,110.21838237851165
1490,68.91627286868265,109.09286994826208
1491,76.60288147499848,110.58386093660904
1492,68.7076119291786,110.12194157275162
1493,70.48997482531601,110.11141314825124
1494,73.79389099641206,110.36336373957879
1495,74.86365813628626,109.74181440802721
1496,74.91192150219423,109.87491907367576
1497,72.68887828556565,109.08369928604621
1498,72.13811923089034,110.07576064174044
1499,70.96961683143364,109.52448593173088
1500,71.34501084887695,109.18062955748591
